time,discharge
2016-01-16,0.21096672
2016-01-17,0.2098727395
2016-01-18,0.208778759
2016-01-19,0.2076847785
2016-01-20,0.206590798
2016-01-21,0.20549681749999998
2016-01-22,0.204402837
2016-01-23,0.2033088565
2016-01-24,0.202214876
2016-01-25,0.2011208955
2016-01-26,0.200026915
2016-01-27,0.1989329345
2016-01-28,0.197838954
2016-01-29,0.1967449735
2016-01-30,0.195650993
2016-01-31,0.1945570125
2016-02-01,0.193463032
2016-02-02,0.1923690515
2016-02-03,0.191275071
2016-02-04,0.19018109049999998
2016-02-05,0.18908711
2016-02-06,0.1879931295
2016-02-07,0.186899149
2016-02-08,0.1858051685
2016-02-09,0.184711188
2016-02-10,0.18531354683333334
2016-02-11,0.18591590566666666
2016-02-12,0.1865182645
2016-02-13,0.18712062333333332
2016-02-14,0.18772298216666666
2016-02-15,0.18832534099999998
2016-02-16,0.18892769983333332
2016-02-17,0.18953005866666667
2016-02-18,0.19013241749999998
2016-02-19,0.19073477633333333
2016-02-20,0.19133713516666664
2016-02-21,0.191939494
2016-02-22,0.19060973591666666
2016-02-23,0.18927997783333333
2016-02-24,0.18795021974999998
2016-02-25,0.18662046166666665
2016-02-26,0.18529070358333333
2016-02-27,0.1839609455
2016-02-28,0.18263118741666667
2016-02-29,0.18130142933333335
2016-03-01,0.17997167125000002
2016-03-02,0.17864191316666667
2016-03-03,0.17731215508333334
2016-03-04,0.175982397
2016-03-05,0.17562437675
2016-03-06,0.1752663565
2016-03-07,0.17490833625000002
2016-03-08,0.174550316
2016-03-09,0.17419229575
2016-03-10,0.17383427550000002
2016-03-11,0.17347625525000002
2016-03-12,0.173118235
2016-03-13,0.17276021475
2016-03-14,0.1724021945
2016-03-15,0.17204417425000001
2016-03-16,0.171686154
2016-03-17,0.17280815658333334
2016-03-18,0.17393015916666668
2016-03-19,0.17505216175
2016-03-20,0.17617416433333333
2016-03-21,0.17729616691666666
2016-03-22,0.1784181695
2016-03-23,0.17954017208333334
2016-03-24,0.18066217466666668
2016-03-25,0.18178417725
2016-03-26,0.18290617983333332
2016-03-27,0.18402818241666666
2016-03-28,0.185150185
2016-03-29,0.187237258125
2016-03-30,0.18932433125
2016-03-31,0.191411404375
2016-04-01,0.1934984775
2016-04-02,0.195585550625
2016-04-03,0.19767262375
2016-04-04,0.199759696875
2016-04-05,0.20184677
2016-04-06,0.199020675
2016-04-07,0.19619458
2016-04-08,0.193368485
2016-04-09,0.19054239
2016-04-10,0.1936062795
2016-04-11,0.196670169
2016-04-12,0.1997340585
2016-04-13,0.202797948
2016-04-14,0.2058618375
2016-04-15,0.208925727
2016-04-16,0.2119896165
2016-04-17,0.215053506
2016-04-18,0.21399578975
2016-04-19,0.2129380735
2016-04-20,0.21188035725
2016-04-21,0.210822641
2016-04-22,0.21196989508333333
2016-04-23,0.2131171491666667
2016-04-24,0.21426440325
2016-04-25,0.21541165733333334
2016-04-26,0.21655891141666667
2016-04-27,0.2177061655
2016-04-28,0.21885341958333335
2016-04-29,0.22000067366666667
2016-04-30,0.22114792775
2016-05-01,0.22229518183333336
2016-05-02,0.22344243591666668
2016-05-03,0.22458969
2016-05-04,0.23503665333333335
2016-05-05,0.24548361666666668
2016-05-06,0.25593058
2016-05-07,0.261510326
2016-05-08,0.267090072
2016-05-09,0.272669818
2016-05-10,0.278249564
2016-05-11,0.28382931
2016-05-12,0.289409056
2016-05-13,0.294988802
2016-05-14,0.300568548
2016-05-15,0.306148294
2016-05-16,0.288751995125
2016-05-17,0.27135569625
2016-05-18,0.253959397375
2016-05-19,0.2365630985
2016-05-20,0.21916679962500002
2016-05-21,0.20177050075
2016-05-22,0.184374201875
2016-05-23,0.166977903
2016-05-24,0.16003172525
2016-05-25,0.1530855475
2016-05-26,0.14613936975
2016-05-27,0.139193192
2016-05-28,0.1512366564
2016-05-29,0.1632801208
2016-05-30,0.17532358520000002
2016-05-31,0.1873670496
2016-06-01,0.199410514
2016-06-02,0.23562240466666667
2016-06-03,0.27183429533333336
2016-06-04,0.308046186
2016-06-05,0.32318341225
2016-06-06,0.3383206385
2016-06-07,0.35345786474999996
2016-06-08,0.368595091
2016-06-09,0.36599211374074075
2016-06-10,0.36338913648148147
2016-06-11,0.36078615922222224
2016-06-12,0.35818318196296295
2016-06-13,0.3555802047037037
2016-06-14,0.35297722744444443
2016-06-15,0.3503742501851852
2016-06-16,0.3477712729259259
2016-06-17,0.3451682956666667
2016-06-18,0.3425653184074074
2016-06-19,0.33996234114814816
2016-06-20,0.3373593638888889
2016-06-21,0.33475638662962964
2016-06-22,0.33215340937037036
2016-06-23,0.3295504321111111
2016-06-24,0.32694745485185184
2016-06-25,0.3243444775925926
2016-06-26,0.3217415003333333
2016-06-27,0.3191385230740741
2016-06-28,0.3165355458148148
2016-06-29,0.31393256855555557
2016-06-30,0.3113295912962963
2016-07-01,0.30872661403703705
2016-07-02,0.30612363677777776
2016-07-03,0.30352065951851853
2016-07-04,0.3009176822592593
2016-07-05,0.298314705
2016-07-06,0.2928757254
2016-07-07,0.2874367458
2016-07-08,0.2819977662
2016-07-09,0.2765587866
2016-07-10,0.271119807
2016-07-11,0.28016577042857144
2016-07-12,0.2892117338571428
2016-07-13,0.2982576972857143
2016-07-14,0.3073036607142857
2016-07-15,0.31634962414285717
2016-07-16,0.32539558757142856
2016-07-17,0.334441551
2016-07-18,0.32275706644444446
2016-07-19,0.31107258188888887
2016-07-20,0.2993880973333333
2016-07-21,0.2877036127777778
2016-07-22,0.27601912822222224
2016-07-23,0.26433464366666665
2016-07-24,0.2526501591111111
2016-07-25,0.24096567455555556
2016-07-26,0.22928119
2016-07-27,0.25791448266666667
2016-07-28,0.2865477753333333
2016-07-29,0.315181068
2016-07-30,0.30787346
2016-07-31,0.300565852
2016-08-01,0.293258244
2016-08-02,0.28595063600000004
2016-08-03,0.278643028
2016-08-04,0.25639901425
2016-08-05,0.2341550005
2016-08-06,0.21191098675
2016-08-07,0.189666973
2016-08-08,0.212720194
2016-08-09,0.235773415
2016-08-10,0.258826636
2016-08-11,0.2510151122222222
2016-08-12,0.24320358844444445
2016-08-13,0.23539206466666668
2016-08-14,0.2275805408888889
2016-08-15,0.21976901711111113
2016-08-16,0.21195749333333333
2016-08-17,0.20414596955555556
2016-08-18,0.19633444577777778
2016-08-19,0.188522922
2016-08-20,0.20047417850000002
2016-08-21,0.212425435
2016-08-22,0.2243766915
2016-08-23,0.236327948
2016-08-24,0.2482792045
2016-08-25,0.260230461
2016-08-26,0.2721817175
2016-08-27,0.284132974
2016-08-28,0.25978559525
2016-08-29,0.2354382165
2016-08-30,0.21109083774999998
2016-08-31,0.186743459
2016-09-01,0.20401576366666666
2016-09-02,0.22128806833333334
2016-09-03,0.238560373
2016-09-04,0.2257493406
2016-09-05,0.21293830819999998
2016-09-06,0.2001272758
2016-09-07,0.1873162434
2016-09-08,0.174505211
2016-09-09,0.1726862817142857
2016-09-10,0.17086735242857143
2016-09-11,0.16904842314285715
2016-09-12,0.16722949385714284
2016-09-13,0.16541056457142855
2016-09-14,0.16359163528571427
2016-09-15,0.161772706
2016-09-16,0.16155684299999998
2016-09-17,0.16134098
2016-09-18,0.16112511699999998
2016-09-19,0.160909254
2016-09-20,0.160693391
2016-09-21,0.16362996375
2016-09-22,0.1665665365
2016-09-23,0.16950310925
2016-09-24,0.172439682
2016-09-25,0.1704792725
2016-09-26,0.16851886300000002
2016-09-27,0.1665584535
2016-09-28,0.164598044
2016-09-29,0.16263763450000002
2016-09-30,0.160677225
2016-10-01,0.1587168155
2016-10-02,0.15675640600000001
2016-10-03,0.1547959965
2016-10-04,0.152835587
2016-10-05,0.1508751775
2016-10-06,0.148914768
2016-10-07,0.1469543585
2016-10-08,0.144993949
2016-10-09,0.1430335395
2016-10-10,0.14107313
2016-10-11,0.1391127205
2016-10-12,0.137152311
2016-10-13,0.1351919015
2016-10-14,0.133231492
2016-10-15,0.13544176814285716
2016-10-16,0.1376520442857143
2016-10-17,0.13986232042857144
2016-10-18,0.14207259657142857
2016-10-19,0.14428287271428572
2016-10-20,0.14649314885714287
2016-10-21,0.148703425
2016-10-22,0.151916902
2016-10-23,0.15513037899999998
2016-10-24,0.158343856
2016-10-25,0.161557333
2016-10-26,0.16477081
2016-10-27,0.16369270041666667
2016-10-28,0.16261459083333332
2016-10-29,0.16153648125
2016-10-30,0.16045837166666665
2016-10-31,0.15938026208333333
2016-11-01,0.15830215250000002
2016-11-02,0.15722404291666667
2016-11-03,0.15614593333333335
2016-11-04,0.15506782375
2016-11-05,0.15398971416666668
2016-11-06,0.15291160458333333
2016-11-07,0.151833495
2016-11-08,0.15376449525000002
2016-11-09,0.1556954955
2016-11-10,0.15762649574999998
2016-11-11,0.159557496
2016-11-12,0.161364654
2016-11-13,0.163171812
2016-11-14,0.16497897
2016-11-15,0.166786128
2016-11-16,0.168593286
2016-11-17,0.17040044399999998
2016-11-18,0.172207602
2016-11-19,0.17401476
2016-11-20,0.175821918
2016-11-21,0.177629076
2016-11-22,0.179436234
2016-11-23,0.181243392
2016-11-24,0.17453224966666667
2016-11-25,0.16782110733333333
2016-11-26,0.161109965
2016-11-27,0.16862862233333334
2016-11-28,0.17614727966666666
2016-11-29,0.183665937
2016-11-30,0.18056646433333334
2016-12-01,0.17746699166666666
2016-12-02,0.174367519
2016-12-03,0.17126804633333334
2016-12-04,0.16816857366666665
2016-12-05,0.165069101
2016-12-06,0.16196962833333334
2016-12-07,0.15887015566666665
2016-12-08,0.155770683
2016-12-09,0.15684243474999998
2016-12-10,0.1579141865
2016-12-11,0.15898593825
2016-12-12,0.16005769
2016-12-13,0.16112944175
2016-12-14,0.1622011935
2016-12-15,0.16327294525
2016-12-16,0.16434469699999998
2016-12-17,0.16541644875
2016-12-18,0.1664882005
2016-12-19,0.16755995225
2016-12-20,0.168631704
2016-12-21,0.1695510614
2016-12-22,0.1704704188
2016-12-23,0.1713897762
2016-12-24,0.1723091336
2016-12-25,0.173228491
2016-12-26,0.173689174
2016-12-27,0.17414985700000002
2016-12-28,0.17461054
2016-12-29,0.175071223
2016-12-30,0.169774379
2016-12-31,0.164477535
2017-01-01,0.159180691
2017-01-02,0.16082390166666669
2017-01-03,0.16246711233333333
2017-01-04,0.164110323
2017-01-05,0.1636185358888889
2017-01-06,0.16312674877777777
2017-01-07,0.16263496166666666
2017-01-08,0.16214317455555555
2017-01-09,0.16165138744444446
2017-01-10,0.16115960033333335
2017-01-11,0.16066781322222223
2017-01-12,0.16017602611111112
2017-01-13,0.159684239
2017-01-14,0.15929318179166668
2017-01-15,0.15890212458333333
2017-01-16,0.158511067375
2017-01-17,0.15812001016666666
2017-01-18,0.15772895295833333
2017-01-19,0.15733789575
2017-01-20,0.15694683854166666
2017-01-21,0.15655578133333334
2017-01-22,0.15616472412500002
2017-01-23,0.15577366691666666
2017-01-24,0.15538260970833334
2017-01-25,0.15499155250000002
2017-01-26,0.15460049529166667
2017-01-27,0.15420943808333334
2017-01-28,0.153818380875
2017-01-29,0.15342732366666667
2017-01-30,0.15303626645833335
2017-01-31,0.15264520925
2017-02-01,0.15225415204166667
2017-02-02,0.15186309483333332
2017-02-03,0.151472037625
2017-02-04,0.15108098041666668
2017-02-05,0.15068992320833333
2017-02-06,0.150298866
2017-02-07,0.16098759933333334
2017-02-08,0.17167633266666665
2017-02-09,0.182365066
2017-02-10,0.17734792666666666
2017-02-11,0.17233078733333335
2017-02-12,0.167313648
2017-02-13,0.176397252
2017-02-14,0.185480856
2017-02-15,0.19456446
2017-02-16,0.17929448133333334
2017-02-17,0.16402450266666666
2017-02-18,0.148754524
2017-02-19,0.15109246953333333
2017-02-20,0.15343041506666666
2017-02-21,0.1557683606
2017-02-22,0.15810630613333335
2017-02-23,0.16044425166666668
2017-02-24,0.1627821972
2017-02-25,0.16512014273333334
2017-02-26,0.16745808826666667
2017-02-27,0.1697960338
2017-02-28,0.17213397933333333
2017-03-01,0.17447192486666668
2017-03-02,0.1768098704
2017-03-03,0.17914781593333334
2017-03-04,0.18148576146666667
2017-03-05,0.183823707
2017-03-06,0.1788595135
2017-03-07,0.17389532
2017-03-08,0.17650135174999998
2017-03-09,0.1791073835
2017-03-10,0.18171341525
2017-03-11,0.184319447
2017-03-12,0.17055775366666667
2017-03-13,0.15679606033333332
2017-03-14,0.143034367
2017-03-15,0.15082597333333334
2017-03-16,0.15861757966666665
2017-03-17,0.166409186
2017-03-18,0.1653124791111111
2017-03-19,0.16421577222222222
2017-03-20,0.1631190653333333
2017-03-21,0.16202235844444443
2017-03-22,0.16092565155555555
2017-03-23,0.15982894466666667
2017-03-24,0.15873223777777776
2017-03-25,0.15763553088888888
2017-03-26,0.156538824
2017-03-27,0.15963098433333334
2017-03-28,0.16272314466666665
2017-03-29,0.165815305
2017-03-30,0.1676389825
2017-03-31,0.16946266
2017-04-01,0.1712863375
2017-04-02,0.173110015
2017-04-03,0.1749336925
2017-04-04,0.17675737
2017-04-05,0.1785810475
2017-04-06,0.180404725
2017-04-07,0.1822284025
2017-04-08,0.18405208
2017-04-09,0.1858757575
2017-04-10,0.187699435
2017-04-11,0.1629905455
2017-04-12,0.138281656
2017-04-13,0.14679704100000002
2017-04-14,0.155312426
2017-04-15,0.163827811
2017-04-16,0.172343196
2017-04-17,0.164063815
2017-04-18,0.155784434
2017-04-19,0.147505053
2017-04-20,0.172940429
2017-04-21,0.198375805
2017-04-22,0.223811181
2017-04-23,0.2183022765
2017-04-24,0.212793372
2017-04-25,0.2072844675
2017-04-26,0.201775563
2017-04-27,0.1962666585
2017-04-28,0.190757754
2017-04-29,0.18294545233333334
2017-04-30,0.17513315066666665
2017-05-01,0.167320849
2017-05-02,0.162214849
2017-05-03,0.157108849
2017-05-04,0.152002849
2017-05-05,0.15557571666666667
2017-05-06,0.15914858433333334
2017-05-07,0.162721452
2017-05-08,0.16629431966666666
2017-05-09,0.16986718733333334
2017-05-10,0.173440055
2017-05-11,0.17708559075000002
2017-05-12,0.1807311265
2017-05-13,0.18437666225000002
2017-05-14,0.188022198
2017-05-15,0.19166773375
2017-05-16,0.1953132695
2017-05-17,0.19895880525
2017-05-18,0.20260434100000002
2017-05-19,0.20624987675
2017-05-20,0.20989541250000002
2017-05-21,0.21354094825
2017-05-22,0.217186484
2017-05-23,0.21249953366666668
2017-05-24,0.20781258333333333
2017-05-25,0.203125633
2017-05-26,0.20607361966666668
2017-05-27,0.20902160633333333
2017-05-28,0.211969593
2017-05-29,0.2176811544166667
2017-05-30,0.22339271583333334
2017-05-31,0.22910427725
2017-06-01,0.23481583866666667
2017-06-02,0.24052740008333334
2017-06-03,0.2462389615
2017-06-04,0.25195052291666664
2017-06-05,0.2576620843333333
2017-06-06,0.26337364575
2017-06-07,0.2690852071666666
2017-06-08,0.2747967685833333
2017-06-09,0.28050833
2017-06-10,0.27732799425
2017-06-11,0.2741476585
2017-06-12,0.27096732274999996
2017-06-13,0.267786987
2017-06-14,0.26460665125
2017-06-15,0.2614263155
2017-06-16,0.25824597974999997
2017-06-17,0.255065644
2017-06-18,0.25188530825
2017-06-19,0.2487049725
2017-06-20,0.24552463675
2017-06-21,0.242344301
2017-06-22,0.24551292366666666
2017-06-23,0.24868154633333334
2017-06-24,0.251850169
2017-06-25,0.25501879166666663
2017-06-26,0.2581874143333333
2017-06-27,0.261356037
2017-06-28,0.25276391516666663
2017-06-29,0.24417179333333333
2017-06-30,0.23557967149999998
2017-07-01,0.22698754966666665
2017-07-02,0.21839542783333332
2017-07-03,0.209803306
2017-07-04,0.221007241
2017-07-05,0.232211176
2017-07-06,0.243415111
2017-07-07,0.24625343266666666
2017-07-08,0.24909175433333333
2017-07-09,0.251930076
2017-07-10,0.24952425583333335
2017-07-11,0.24711843566666666
2017-07-12,0.2447126155
2017-07-13,0.24230679533333335
2017-07-14,0.23990097516666667
2017-07-15,0.237495155
2017-07-16,0.24671457800000002
2017-07-17,0.255934001
2017-07-18,0.265153424
2017-07-19,0.24848790166666668
2017-07-20,0.23182237933333336
2017-07-21,0.215156857
2017-07-22,0.21418818433333334
2017-07-23,0.21321951166666667
2017-07-24,0.212250839
2017-07-25,0.21128216633333333
2017-07-26,0.21031349366666666
2017-07-27,0.209344821
2017-07-28,0.21515114687499998
2017-07-29,0.22095747275
2017-07-30,0.22676379862499998
2017-07-31,0.23257012449999998
2017-08-01,0.238376450375
2017-08-02,0.24418277624999998
2017-08-03,0.24998910212499997
2017-08-04,0.255795428
2017-08-05,0.23956905625
2017-08-06,0.2233426845
2017-08-07,0.20711631275
2017-08-08,0.190889941
2017-08-09,0.21098379550000002
2017-08-10,0.23107765
2017-08-11,0.22059774825
2017-08-12,0.21011784649999998
2017-08-13,0.19963794475
2017-08-14,0.189158043
2017-08-15,0.2128987965
2017-08-16,0.23663955
2017-08-17,0.248488602
2017-08-18,0.24317744016666668
2017-08-19,0.23786627833333335
2017-08-20,0.2325551165
2017-08-21,0.22724395466666666
2017-08-22,0.22193279283333334
2017-08-23,0.216621631
2017-08-24,0.225577568
2017-08-25,0.234533505
2017-08-26,0.243489442
2017-08-27,0.25150851750000003
2017-08-28,0.259527593
2017-08-29,0.25776099375
2017-08-30,0.2559943945
2017-08-31,0.25422779525
2017-09-01,0.252461196
2017-09-02,0.270995956
2017-09-03,0.289530716
2017-09-04,0.308065476
2017-09-05,0.257923609
2017-09-06,0.207781742
2017-09-07,0.157639875
2017-09-08,0.1878969425
2017-09-09,0.21815401
2017-09-10,0.21991036716666668
2017-09-11,0.22166672433333334
2017-09-12,0.2234230815
2017-09-13,0.22517943866666668
2017-09-14,0.22693579583333334
2017-09-15,0.228692153
2017-09-16,0.22624451933333334
2017-09-17,0.22379688566666667
2017-09-18,0.221349252
2017-09-19,0.21890161833333335
2017-09-20,0.21645398466666668
2017-09-21,0.214006351
2017-09-22,0.204108724
2017-09-23,0.20066684699999998
2017-09-24,0.19722497
2017-09-25,0.193783093
2017-09-26,0.18961961849999998
2017-09-27,0.185456144
2017-09-28,0.183006423
2017-09-29,0.18021859733333334
2017-09-30,0.17743077166666665
2017-10-01,0.174642946
2017-10-02,0.1633588165
2017-10-03,0.152074687
2017-10-04,0.145364811
2017-10-05,0.1455457015
2017-10-06,0.14572659200000002
2017-10-07,0.14590748250000002
2017-10-08,0.146088373
2017-10-09,0.1462692635
2017-10-10,0.146450154
2017-10-11,0.148498258
2017-10-12,0.150546362
2017-10-13,0.152594466
2017-10-14,0.15464257
2017-10-15,0.156690674
2017-10-16,0.179054476
2017-10-17,0.1751661298
2017-10-18,0.17127778359999998
2017-10-19,0.1673894374
2017-10-20,0.1635010912
2017-10-21,0.159612745
2017-10-22,0.161578865
2017-10-23,0.16724053366666666
2017-10-24,0.17290220233333334
2017-10-25,0.178563871
2017-10-26,0.182718393
2017-10-27,0.186872915
2017-10-28,0.161105395
2017-10-29,0.167094344
2017-10-30,0.173083293
2017-10-31,0.179072242
2017-11-01,0.185061191
2017-11-02,0.19105014
2017-11-03,0.198835408
2017-11-04,0.206620676
2017-11-05,0.21440594400000001
2017-11-06,0.222191212
2017-11-07,0.194001033
2017-11-08,0.165810854
2017-11-09,0.175565679
2017-11-10,0.1764584118
2017-11-11,0.1773511446
2017-11-12,0.1782438774
2017-11-13,0.17913661020000002
2017-11-14,0.180029343
2017-11-15,0.17353035266666667
2017-11-16,0.16703136233333335
2017-11-17,0.160532372
2017-11-18,0.15403338166666666
2017-11-19,0.14753439133333335
2017-11-20,0.141035401
2017-11-21,0.1506204475
2017-11-22,0.160205494
2017-11-23,0.1697905405
2017-11-24,0.179375587
2017-11-25,0.177043321
2017-11-26,0.174711055
2017-11-27,0.173122484
2017-11-28,0.16951636766666667
2017-11-29,0.16591025133333331
2017-11-30,0.162304135
2017-12-01,0.15825346099999998
2017-12-02,0.154202787
2017-12-03,0.150152113
2017-12-04,0.16578142433333334
2017-12-05,0.18141073566666666
2017-12-06,0.197040047
2017-12-07,0.18925316250000002
2017-12-08,0.181466278
2017-12-09,0.158484216
2017-12-10,0.170974061
2017-12-11,0.183463906
2017-12-12,0.195953751
2017-12-13,0.1855353385
2017-12-14,0.175116926
2017-12-15,0.184395808
2017-12-16,0.18640537033333332
2017-12-17,0.18841493266666667
2017-12-18,0.190424495
2017-12-19,0.181460327
2017-12-20,0.172496159
2017-12-21,0.161732881
2017-12-22,0.16556247999999998
2017-12-23,0.169392079
2017-12-24,0.173221678
2017-12-25,0.16958804666666666
2017-12-26,0.16595441533333333
2017-12-27,0.162320784
2017-12-28,0.16911481066666667
2017-12-29,0.17590883733333332
2017-12-30,0.182702864
2017-12-31,0.16847023449999998
2018-01-01,0.154237605
2018-01-02,0.151543501
2018-01-03,0.166088332
2018-01-04,0.18063316299999999
2018-01-05,0.195177994
2018-01-06,0.17431584449999998
2018-01-07,0.153453695
2018-01-08,0.161041584
2018-01-09,0.1808756695
2018-01-10,0.200709755
2018-01-11,0.199430014
2018-01-12,0.186497799
2018-01-13,0.173565584
2018-01-14,0.176721931
2018-01-15,0.177916198
2018-01-16,0.179110465
2018-01-17,0.183288201
2018-01-18,0.177047831
2018-01-19,0.170807461
2018-01-20,0.174681725
2018-01-21,0.17718860800000003
2018-01-22,0.179695491
2018-01-23,0.180314516
2018-01-24,0.1767674145
2018-01-25,0.173220313
2018-01-26,0.165323149
2018-01-27,0.171071156
2018-01-28,0.176819163
2018-01-29,0.18256717
2018-01-30,0.16750207366666667
2018-01-31,0.15243697733333333
2018-02-01,0.137371881
2018-02-02,0.159449851
2018-02-03,0.181527821
2018-02-04,0.203605791
2018-02-05,0.18719499566666667
2018-02-06,0.17078420033333333
2018-02-07,0.154373405
2018-02-08,0.165054715
2018-02-09,0.175736025
2018-02-10,0.186417335
2018-02-11,0.18364703124999998
2018-02-12,0.1808767275
2018-02-13,0.17810642375
2018-02-14,0.17533611999999998
2018-02-15,0.17256581625
2018-02-16,0.1697955125
2018-02-17,0.16702520875000001
2018-02-18,0.164254905
2018-02-19,0.166856986
2018-02-20,0.16558047633333334
2018-02-21,0.16430396666666666
2018-02-22,0.163027457
2018-02-23,0.17660188500000001
2018-02-24,0.190176313
2018-02-25,0.20105821
2018-02-26,0.1943226123333333
2018-02-27,0.18758701466666666
2018-02-28,0.180851417
2018-03-01,0.17689733266666666
2018-03-02,0.17294324833333333
2018-03-03,0.168989164
2018-03-04,0.177023223
2018-03-05,0.188581301
2018-03-06,0.200139379
2018-03-07,0.1659574
2018-03-08,0.131775421
2018-03-09,0.149822067
2018-03-10,0.154345553
2018-03-11,0.158869039
2018-03-12,0.163392525
2018-03-13,0.167916011
2018-03-14,0.172439497
2018-03-15,0.175629223
2018-03-16,0.171516135
2018-03-17,0.17258995159999999
2018-03-18,0.17366376819999998
2018-03-19,0.1747375848
2018-03-20,0.1758114014
2018-03-21,0.176885218
2018-03-22,0.1771393126666667
2018-03-23,0.17739340733333334
2018-03-24,0.177647502
2018-03-25,0.17574088966666668
2018-03-26,0.17383427733333334
2018-03-27,0.171927665
2018-03-28,0.16918077766666667
2018-03-29,0.16643389033333333
2018-03-30,0.163687003
2018-03-31,0.16094011566666666
2018-04-01,0.15819322833333332
2018-04-02,0.155446341
2018-04-03,0.170553547
2018-04-04,0.18566075299999998
2018-04-05,0.200767959
2018-04-06,0.17970717949999998
2018-04-07,0.1586464
2018-04-08,0.162856786
2018-04-09,0.16243487695652173
2018-04-10,0.16201296791304348
2018-04-11,0.1615910588695652
2018-04-12,0.16116914982608696
2018-04-13,0.16074724078260869
2018-04-14,0.16032533173913044
2018-04-15,0.15990342269565216
2018-04-16,0.15948151365217392
2018-04-17,0.15905960460869564
2018-04-18,0.1586376955652174
2018-04-19,0.15821578652173912
2018-04-20,0.15779387747826087
2018-04-21,0.1573719684347826
2018-04-22,0.15695005939130435
2018-04-23,0.15652815034782608
2018-04-24,0.15610624130434783
2018-04-25,0.15568433226086956
2018-04-26,0.1552624232173913
2018-04-27,0.15484051417391304
2018-04-28,0.1544186051304348
2018-04-29,0.1539966960869565
2018-04-30,0.15357478704347827
2018-05-01,0.153152878
2018-05-02,0.14975563
2018-05-03,0.15673569933333334
2018-05-04,0.16371576866666668
2018-05-05,0.170695838
2018-05-06,0.17767590733333333
2018-05-07,0.18465597666666667
2018-05-08,0.191636046
2018-05-09,0.20167879333333333
2018-05-10,0.21172154066666668
2018-05-11,0.221764288
2018-05-12,0.21528822083333332
2018-05-13,0.20881215366666667
2018-05-14,0.2023360865
2018-05-15,0.19586001933333333
2018-05-16,0.18938395216666665
2018-05-17,0.182907885
2018-05-18,0.18029360133333333
2018-05-19,0.17767931766666667
2018-05-20,0.175065034
2018-05-21,0.17231891266666668
2018-05-22,0.16957279133333333
2018-05-23,0.16682667
2018-05-24,0.16408054866666666
2018-05-25,0.16133442733333334
2018-05-26,0.15858830599999998
2018-05-27,0.15584218466666666
2018-05-28,0.1530960633333333
2018-05-29,0.150349942
2018-05-30,0.1730033145
2018-05-31,0.195656687
2018-06-01,0.2183100595
2018-06-02,0.240963432
2018-06-03,0.2636168045
2018-06-04,0.286270177
2018-06-05,0.29572234416666665
2018-06-06,0.30517451133333334
2018-06-07,0.31462667850000003
2018-06-08,0.32407884566666667
2018-06-09,0.3335310128333333
2018-06-10,0.34298318
2018-06-11,0.29463055650000003
2018-06-12,0.246277933
2018-06-13,0.25782698475
2018-06-14,0.26937603649999997
2018-06-15,0.28092508825
2018-06-16,0.29247414
2018-06-17,0.278090624
2018-06-18,0.263707108
2018-06-19,0.25724070225
2018-06-20,0.2507742965
2018-06-21,0.24430789075
2018-06-22,0.237841485
2018-06-23,0.228594148
2018-06-24,0.219346811
2018-06-25,0.210099474
2018-06-26,0.200852137
2018-06-27,0.1916048
2018-06-28,0.182357463
2018-06-29,0.194144325
2018-06-30,0.205931187
2018-07-01,0.217718049
2018-07-02,0.23287963616666668
2018-07-03,0.24804122333333334
2018-07-04,0.2632028105
2018-07-05,0.27836439766666665
2018-07-06,0.29352598483333336
2018-07-07,0.308687572
2018-07-08,0.3148969771666667
2018-07-09,0.32110638233333333
2018-07-10,0.3273157875
2018-07-11,0.3335251926666667
2018-07-12,0.3397345978333333
2018-07-13,0.345944003
2018-07-14,0.29768277066666665
2018-07-15,0.24942153833333336
2018-07-16,0.201160306
2018-07-17,0.2319545716666667
2018-07-18,0.2627488373333334
2018-07-19,0.293543103
2018-07-20,0.2628614136666667
2018-07-21,0.23217972433333334
2018-07-22,0.201498035
2018-07-23,0.241000642
2018-07-24,0.280503249
2018-07-25,0.26184199075000003
2018-07-26,0.2431807325
2018-07-27,0.22451947425000002
2018-07-28,0.205858216
2018-07-29,0.20486789300000002
2018-07-30,0.20387757
2018-07-31,0.202887247
2018-08-01,0.201896924
2018-08-02,0.20090660100000002
2018-08-03,0.199916278
2018-08-04,0.2596301695
2018-08-05,0.319344061
2018-08-06,0.295021963
2018-08-07,0.248822189
2018-08-08,0.202622415
2018-08-09,0.156422641
2018-08-10,0.20220684066666667
2018-08-11,0.24799104033333333
2018-08-12,0.29377524
2018-08-13,0.255901319
2018-08-14,0.21802739799999998
2018-08-15,0.180153477
2018-08-16,0.197034196
2018-08-17,0.213914915
2018-08-18,0.218824588
2018-08-19,0.2222180002
2018-08-20,0.2256114124
2018-08-21,0.2290048246
2018-08-22,0.2323982368
2018-08-23,0.235791649
2018-08-24,0.23186687966666666
2018-08-25,0.22794211033333334
2018-08-26,0.22401734099999998
2018-08-27,0.22009257166666665
2018-08-28,0.21616780233333333
2018-08-29,0.212243033
2018-08-30,0.20631523225
2018-08-31,0.2003874315
2018-09-01,0.19445963075
2018-09-02,0.18853183
2018-09-03,0.188480310875
2018-09-04,0.18842879175000002
2018-09-05,0.188377272625
2018-09-06,0.1883257535
2018-09-07,0.18827423437500002
2018-09-08,0.18822271525
2018-09-09,0.188171196125
2018-09-10,0.188119677
2018-09-11,0.188068157875
2018-09-12,0.18801663875
2018-09-13,0.187965119625
2018-09-14,0.1879136005
2018-09-15,0.187862081375
2018-09-16,0.18781056225
2018-09-17,0.187759043125
2018-09-18,0.187707524
2018-09-19,0.187656004875
2018-09-20,0.18760448575
2018-09-21,0.18755296662499998
2018-09-22,0.1875014475
2018-09-23,0.187449928375
2018-09-24,0.18739840924999998
2018-09-25,0.187346890125
2018-09-26,0.187295371
2018-09-27,0.18717216274999998
2018-09-28,0.18704895449999998
2018-09-29,0.18692574625
2018-09-30,0.186802538
2018-10-01,0.18667932974999998
2018-10-02,0.1865561215
2018-10-03,0.18643291325
2018-10-04,0.186309705
2018-10-05,0.18618649674999999
2018-10-06,0.18606328849999998
2018-10-07,0.18594008025
2018-10-08,0.185816872
2018-10-09,0.178264741
2018-10-10,0.17071261
2018-10-11,0.163160479
2018-10-12,0.17404620633333334
2018-10-13,0.18493193366666666
2018-10-14,0.195817661
2018-10-15,0.18676989266666666
2018-10-16,0.17772212433333334
2018-10-17,0.168674356
2018-10-18,0.16837635966666667
2018-10-19,0.16807836333333334
2018-10-20,0.16778036699999999
2018-10-21,0.16748237066666666
2018-10-22,0.16718437433333333
2018-10-23,0.166886378
2018-10-24,0.17014096222222222
2018-10-25,0.17339554644444444
2018-10-26,0.17665013066666665
2018-10-27,0.17990471488888887
2018-10-28,0.18315929911111112
2018-10-29,0.18641388333333334
2018-10-30,0.18966846755555555
2018-10-31,0.19292305177777777
2018-11-01,0.196177636
2018-11-02,0.18854641
2018-11-03,0.18091518399999998
2018-11-04,0.173283958
2018-11-05,0.17023746916666666
2018-11-06,0.16719098033333332
2018-11-07,0.1641444915
2018-11-08,0.16109800266666666
2018-11-09,0.15805151383333332
2018-11-10,0.155005025
2018-11-11,0.16700500399999998
2018-11-12,0.179004983
2018-11-13,0.191004962
2018-11-14,0.18935918166666665
2018-11-15,0.18771340133333334
2018-11-16,0.186067621
2018-11-17,0.18442184066666667
2018-11-18,0.18277606033333332
2018-11-19,0.18113028
2018-11-20,0.17948449966666666
2018-11-21,0.17783871933333334
2018-11-22,0.176192939
2018-11-23,0.17454715866666667
2018-11-24,0.17290137833333333
2018-11-25,0.171255598
2018-11-26,0.16960981766666666
2018-11-27,0.16796403733333332
2018-11-28,0.166318257
2018-11-29,0.1657920085
2018-11-30,0.16526576
2018-12-01,0.1647395115
2018-12-02,0.164213263
2018-12-03,0.1636870145
2018-12-04,0.163160766
2018-12-05,0.171094526
2018-12-06,0.179028286
2018-12-07,0.186962046
2018-12-08,0.17301105433333333
2018-12-09,0.15906006266666667
2018-12-10,0.145109071
2018-12-11,0.163253522
2018-12-12,0.181397973
2018-12-13,0.199542424
2018-12-14,0.19486790833333334
2018-12-15,0.19019339266666666
2018-12-16,0.185518877
2018-12-17,0.18084436133333334
2018-12-18,0.17616984566666666
2018-12-19,0.17149533
2018-12-20,0.16903063666666668
2018-12-21,0.16656594333333333
2018-12-22,0.16410125
2018-12-23,0.17112995633333333
2018-12-24,0.17815866266666666
2018-12-25,0.185187369
2018-12-26,0.172408332
2018-12-27,0.159629295
2018-12-28,0.16927049625
2018-12-29,0.17891169750000002
2018-12-30,0.18855289875
2018-12-31,0.1981941
2019-01-01,0.1818258235
2019-01-02,0.165457547
2019-01-03,0.16846250000000002
2019-01-04,0.171467453
2019-01-05,0.174472406
2019-01-06,0.16928658366666666
2019-01-07,0.16410076133333334
2019-01-08,0.158914939
2019-01-09,0.16115167166666666
2019-01-10,0.16338840433333335
2019-01-11,0.165625137
2019-01-12,0.16786186966666666
2019-01-13,0.17009860233333335
2019-01-14,0.172335335
2019-01-15,0.176651337
2019-01-16,0.180967339
2019-01-17,0.185283341
2019-01-18,0.178876156
2019-01-19,0.1696228655
2019-01-20,0.160369575
2019-01-21,0.16137661982142856
2019-01-22,0.16238366464285714
2019-01-23,0.1633907094642857
2019-01-24,0.16439775428571426
2019-01-25,0.16540479910714284
2019-01-26,0.16641184392857142
2019-01-27,0.16741888875
2019-01-28,0.16842593357142857
2019-01-29,0.16943297839285712
2019-01-30,0.1704400232142857
2019-01-31,0.17144706803571427
2019-02-01,0.17245411285714285
2019-02-02,0.17346115767857143
2019-02-03,0.1744682025
2019-02-04,0.17547524732142855
2019-02-05,0.17648229214285713
2019-02-06,0.1774893369642857
2019-02-07,0.17849638178571428
2019-02-08,0.17950342660714286
2019-02-09,0.1805104714285714
2019-02-10,0.18151751624999998
2019-02-11,0.18252456107142856
2019-02-12,0.18353160589285714
2019-02-13,0.1845386507142857
2019-02-14,0.18554569553571426
2019-02-15,0.18655274035714284
2019-02-16,0.18755978517857141
2019-02-17,0.18856683
2019-02-18,0.18884702616666665
2019-02-19,0.18912722233333332
2019-02-20,0.18940741849999998
2019-02-21,0.18968761466666667
2019-02-22,0.18996781083333333
2019-02-23,0.190248007
2019-02-24,0.19137300499999998
2019-02-25,0.192498003
2019-02-26,0.193623001
2019-02-27,0.194747999
2019-02-28,0.195872997
2019-03-01,0.19699799499999998
2019-03-02,0.198122993
2019-03-03,0.19924799099999999
2019-03-04,0.200372989
2019-03-05,0.201497987
2019-03-06,0.202622985
2019-03-07,0.203747983
2019-03-08,0.20257788083333333
2019-03-09,0.20140777866666668
2019-03-10,0.20023767650000002
2019-03-11,0.19906757433333333
2019-03-12,0.19789747216666667
2019-03-13,0.19672737
2019-03-14,0.19335517183333334
2019-03-15,0.18998297366666667
2019-03-16,0.1866107755
2019-03-17,0.18323857733333335
2019-03-18,0.17986637916666667
2019-03-19,0.176494181
2019-03-20,0.180413488
2019-03-21,0.184332795
2019-03-22,0.188252102
2019-03-23,0.19217140900000002
2019-03-24,0.196090716
2019-03-25,0.200010023
2019-03-26,0.1987984638076923
2019-03-27,0.1975869046153846
2019-03-28,0.19637534542307694
2019-03-29,0.19516378623076924
2019-03-30,0.19395222703846154
2019-03-31,0.19274066784615385
2019-04-01,0.19152910865384615
2019-04-02,0.19031754946153848
2019-04-03,0.18910599026923078
2019-04-04,0.18789443107692308
2019-04-05,0.18668287188461538
2019-04-06,0.18547131269230768
2019-04-07,0.1842597535
2019-04-08,0.1830481943076923
2019-04-09,0.18183663511538461
2019-04-10,0.18062507592307692
2019-04-11,0.17941351673076922
2019-04-12,0.17820195753846152
2019-04-13,0.17699039834615385
2019-04-14,0.17577883915384615
2019-04-15,0.17456727996153845
2019-04-16,0.17335572076923075
2019-04-17,0.17214416157692308
2019-04-18,0.17093260238461538
2019-04-19,0.16972104319230769
2019-04-20,0.168509484
2019-04-21,0.173408647
2019-04-22,0.17830780999999998
2019-04-23,0.183206973
2019-04-24,0.18810613599999998
2019-04-25,0.193005299
2019-04-26,0.197904462
2019-04-27,0.202803625
2019-04-28,0.207702788
2019-04-29,0.212601951
2019-04-30,0.217501114
2019-05-01,0.222400277
2019-05-02,0.22729944000000002
2019-05-03,0.232198603
2019-05-04,0.23709776600000002
2019-05-05,0.24199692900000003
2019-05-06,0.246896092
2019-05-07,0.2510556066666667
2019-05-08,0.25521512133333335
2019-05-09,0.259374636
2019-05-10,0.2635341506666667
2019-05-11,0.2676936653333334
2019-05-12,0.27185318
2019-05-13,0.25343144
2019-05-14,0.2350097
2019-05-15,0.236251769
2019-05-16,0.237493838
2019-05-17,0.238735907
2019-05-18,0.239977976
2019-05-19,0.24256627016666668
2019-05-20,0.24515456433333335
2019-05-21,0.2477428585
2019-05-22,0.25033115266666667
2019-05-23,0.25291944683333334
2019-05-24,0.255507741
2019-05-25,0.2564987283333333
2019-05-26,0.2574897156666667
2019-05-27,0.25848070300000003
2019-05-28,0.25947169033333334
2019-05-29,0.26046267766666664
2019-05-30,0.261453665
2019-05-31,0.26244465233333336
2019-06-01,0.26343563966666667
2019-06-02,0.26442662699999997
2019-06-03,0.26541761433333333
2019-06-04,0.2664086016666667
2019-06-05,0.267399589
2019-06-06,0.2958085195
2019-06-07,0.32421745
2019-06-08,0.280816141
2019-06-09,0.2707217156666667
2019-06-10,0.2606272903333333
2019-06-11,0.250532865
2019-06-12,0.2926057796666667
2019-06-13,0.3346786943333333
2019-06-14,0.376751609
2019-06-15,0.33427281066666664
2019-06-16,0.29179401233333335
2019-06-17,0.249315214
2019-06-18,0.242951874
2019-06-19,0.23658853400000002
2019-06-20,0.23022519400000002
2019-06-21,0.223861854
2019-06-22,0.217498514
2019-06-23,0.211135174
2019-06-24,0.21131872033333335
2019-06-25,0.21150226666666666
2019-06-26,0.211685813
2019-06-27,0.21186935933333334
2019-06-28,0.21205290566666665
2019-06-29,0.212236452
2019-06-30,0.2689722025
2019-07-01,0.325707953
2019-07-02,0.29294213474999997
2019-07-03,0.2601763165
2019-07-04,0.22741049824999998
2019-07-05,0.19464468
2019-07-06,0.22583221866666667
2019-07-07,0.2570197573333333
2019-07-08,0.288207296
2019-07-09,0.2516251136666667
2019-07-10,0.21504293133333335
2019-07-11,0.178460749
2019-07-12,0.174793048
2019-07-13,0.171125347
2019-07-14,0.16745764600000002
2019-07-15,0.163789945
2019-07-16,0.160122244
2019-07-17,0.156454543
2019-07-18,0.20919072
2019-07-19,0.261926897
2019-07-20,0.314663074
2019-07-21,0.3116031346
2019-07-22,0.3085431952
2019-07-23,0.30548325579999996
2019-07-24,0.3024233164
2019-07-25,0.299363377
2019-07-26,0.269914587
2019-07-27,0.24046579699999998
2019-07-28,0.211017007
2019-07-29,0.181568217
2019-07-30,0.22848144866666667
2019-07-31,0.2753946803333333
2019-08-01,0.322307912
2019-08-02,0.28496254466666665
2019-08-03,0.24761717733333333
2019-08-04,0.21027181
2019-08-05,0.2511066715
2019-08-06,0.291941533
2019-08-07,0.27507993
2019-08-08,0.24944401466666666
2019-08-09,0.22380809933333332
2019-08-10,0.198172184
2019-08-11,0.226017738
2019-08-12,0.253863292
2019-08-13,0.281708846
2019-08-14,0.2526710476666667
2019-08-15,0.22363324933333334
2019-08-16,0.194595451
2019-08-17,0.19474342533333333
2019-08-18,0.19489139966666666
2019-08-19,0.195039374
2019-08-20,0.19518734833333334
2019-08-21,0.19533532266666667
2019-08-22,0.195483297
2019-08-23,0.203305271
2019-08-24,0.211127245
2019-08-25,0.218949219
2019-08-26,0.21899825611111112
2019-08-27,0.21904729322222222
2019-08-28,0.21909633033333334
2019-08-29,0.21914536744444443
2019-08-30,0.21919440455555556
2019-08-31,0.21924344166666665
2019-09-01,0.21929247877777777
2019-09-02,0.21934151588888887
2019-09-03,0.219390553
2019-09-04,0.21718136766666665
2019-09-05,0.21497218233333334
2019-09-06,0.212762997
2019-09-07,0.221404142
2019-09-08,0.23004528700000001
2019-09-09,0.238686432
2019-09-10,0.2011860215
2019-09-11,0.163685611
2019-09-12,0.16075052057142858
2019-09-13,0.15781543014285715
2019-09-14,0.15488033971428572
2019-09-15,0.1519452492857143
2019-09-16,0.14901015885714286
2019-09-17,0.14607506842857143
2019-09-18,0.143139978
2019-09-19,0.13924805566666668
2019-09-20,0.13535613333333332
2019-09-21,0.131464211
2019-09-22,0.16221835499999998
2019-09-23,0.192972499
2019-09-24,0.191827694
2019-09-25,0.190682889
2019-09-26,0.189538084
2019-09-27,0.188393279
2019-09-28,0.1618174905
2019-09-29,0.135241702
2019-09-30,0.13927459142857143
2019-10-01,0.14330748085714284
2019-10-02,0.14734037028571428
2019-10-03,0.1513732597142857
2019-10-04,0.15540614914285714
2019-10-05,0.15943903857142855
2019-10-06,0.163471928
2019-10-07,0.16278116977777776
2019-10-08,0.16209041155555554
2019-10-09,0.16139965333333334
2019-10-10,0.1607088951111111
2019-10-11,0.16001813688888888
2019-10-12,0.15932737866666666
2019-10-13,0.15863662044444446
2019-10-14,0.15794586222222223
2019-10-15,0.157255104
2019-10-16,0.1538469435
2019-10-17,0.150438783
2019-10-18,0.155558748
2019-10-19,0.15667693216666667
2019-10-20,0.15779511633333332
2019-10-21,0.1589133005
2019-10-22,0.16003148466666667
2019-10-23,0.16114966883333331
2019-10-24,0.162267853
2019-10-25,0.17447101033333332
2019-10-26,0.18667416766666667
2019-10-27,0.198877325
2019-10-28,0.17849272649999998
2019-10-29,0.158108128
2019-10-30,0.157317078
2019-10-31,0.17105309266666666
2019-11-01,0.18478910733333334
2019-11-02,0.198525122
2019-11-03,0.1960304275
2019-11-04,0.193535733
2019-11-05,0.19104103849999998
2019-11-06,0.188546344
2019-11-07,0.1860516495
2019-11-08,0.183556955
2019-11-09,0.168595063
2019-11-10,0.153633171
2019-11-11,0.15316983442857143
2019-11-12,0.15270649785714288
2019-11-13,0.1522431612857143
2019-11-14,0.15177982471428572
2019-11-15,0.15131648814285714
2019-11-16,0.1508531515714286
2019-11-17,0.150389815
2019-11-18,0.15564361300000001
2019-11-19,0.160897411
2019-11-20,0.166151209
2019-11-21,0.1639002185
2019-11-22,0.161649228
2019-11-23,0.171614731
2019-11-24,0.180073953
2019-11-25,0.188533175
2019-11-26,0.196992397
2019-11-27,0.19622918066666667
2019-11-28,0.19546596433333335
2019-11-29,0.194702748
2019-11-30,0.19393953166666666
2019-12-01,0.19317631533333335
2019-12-02,0.192413099
2019-12-03,0.16760875749999998
2019-12-04,0.142804416
2019-12-05,0.154813631
2019-12-06,0.15844640100000001
2019-12-07,0.162079171
2019-12-08,0.165711941
2019-12-09,0.16731119833333333
2019-12-10,0.16891045566666668
2019-12-11,0.170509713
2019-12-12,0.17435788166666666
2019-12-13,0.17820605033333334
2019-12-14,0.182054219
2019-12-15,0.1673117435
2019-12-16,0.152569268
2019-12-17,0.165953327
2019-12-18,0.17813063266666668
2019-12-19,0.19030793833333334
2019-12-20,0.202485244
2019-12-21,0.19089262133333335
2019-12-22,0.17929999866666665
2019-12-23,0.167707376
2019-12-24,0.171937334
2019-12-25,0.176167292
2019-12-26,0.18039725
2019-12-27,0.1658457115
2019-12-28,0.151294173
2019-12-29,0.15263898
2019-12-30,0.1676916655
2019-12-31,0.182744351
2020-01-01,0.18177737185714285
2020-01-02,0.18081039271428573
2020-01-03,0.17984341357142858
2020-01-04,0.17887643442857143
2020-01-05,0.17790945528571428
2020-01-06,0.17694247614285716
2020-01-07,0.175975497
2020-01-08,0.1752864855
2020-01-09,0.174597474
2020-01-10,0.1739084625
2020-01-11,0.173219451
2020-01-12,0.1725304395
2020-01-13,0.171841428
2020-01-14,0.17465189616666665
2020-01-15,0.17746236433333332
2020-01-16,0.18027283249999998
2020-01-17,0.18308330066666667
2020-01-18,0.18589376883333333
2020-01-19,0.188704237
2020-01-20,0.1867181805
2020-01-21,0.184732124
2020-01-22,0.1827460675
2020-01-23,0.180760011
2020-01-24,0.1787739545
2020-01-25,0.176787898
2020-01-26,0.1776060545
2020-01-27,0.178424211
2020-01-28,0.1792423675
2020-01-29,0.180060524
2020-01-30,0.1808786805
2020-01-31,0.181696837
2020-02-01,0.1825149935
2020-02-02,0.18333315
2020-02-03,0.1841513065
2020-02-04,0.184969463
2020-02-05,0.1857876195
2020-02-06,0.186605776
2020-02-07,0.168945504
2020-02-08,0.151285232
2020-02-09,0.1517064855
2020-02-10,0.152127739
2020-02-11,0.153078138
2020-02-12,0.15402853700000002
2020-02-13,0.154978936
2020-02-14,0.155929335
2020-02-15,0.15954302825
2020-02-16,0.1631567215
2020-02-17,0.16677041475
2020-02-18,0.170384108
2020-02-19,0.173153632
2020-02-20,0.175923156
2020-02-21,0.17869268
2020-02-22,0.18146220400000002
2020-02-23,0.184231728
2020-02-24,0.187001252
2020-02-25,0.18456012733333332
2020-02-26,0.18211900266666667
2020-02-27,0.179677878
2020-02-28,0.17723675333333333
2020-02-29,0.17479562866666665
2020-03-01,0.172354504
2020-03-02,0.1720386898333333
2020-03-03,0.17172287566666666
2020-03-04,0.1714070615
2020-03-05,0.17109124733333334
2020-03-06,0.17077543316666666
2020-03-07,0.170459619
2020-03-08,0.1727849505
2020-03-09,0.175110282
2020-03-10,0.1774356135
2020-03-11,0.179760945
2020-03-12,0.1820862765
2020-03-13,0.184411608
2020-03-14,0.18105325633333333
2020-03-15,0.17769490466666668
2020-03-16,0.174336553
2020-03-17,0.17097820133333333
2020-03-18,0.16761984966666668
2020-03-19,0.164261498
2020-03-20,0.16655405566666667
2020-03-21,0.16884661333333334
2020-03-22,0.171139171
2020-03-23,0.17343172866666667
2020-03-24,0.17572428633333334
2020-03-25,0.178016844
2020-03-26,0.17749526533333335
2020-03-27,0.17697368666666669
2020-03-28,0.176452108
2020-03-29,0.17593052933333334
2020-03-30,0.17540895066666667
2020-03-31,0.174887372
2020-04-01,0.17444885983333336
2020-04-02,0.17401034766666668
2020-04-03,0.17357183550000002
2020-04-04,0.17313332333333334
2020-04-05,0.17269481116666668
2020-04-06,0.172256299
2020-04-07,0.17181778683333335
2020-04-08,0.17137927466666666
2020-04-09,0.1709407625
2020-04-10,0.17050225033333336
2020-04-11,0.17006373816666667
2020-04-12,0.16962522600000002
2020-04-13,0.16918671383333334
2020-04-14,0.16874820166666668
2020-04-15,0.1683096895
2020-04-16,0.16787117733333334
2020-04-17,0.16743266516666666
2020-04-18,0.166994153
2020-04-19,0.17225209600000002
2020-04-20,0.177510039
2020-04-21,0.182767982
2020-04-22,0.188025925
2020-04-23,0.19328386800000003
2020-04-24,0.198541811
2020-04-25,0.19633287483333334
2020-04-26,0.19412393866666666
2020-04-27,0.19191500250000001
2020-04-28,0.18970606633333334
2020-04-29,0.18749713016666666
2020-04-30,0.18528819400000002
2020-05-01,0.18307925783333334
2020-05-02,0.18087032166666667
2020-05-03,0.1786613855
2020-05-04,0.17645244933333332
2020-05-05,0.17424351316666667
2020-05-06,0.172034577
2020-05-07,0.17894286633333334
2020-05-08,0.18585115566666666
2020-05-09,0.192759445
2020-05-10,0.19966773433333335
2020-05-11,0.20657602366666666
2020-05-12,0.213484313
2020-05-13,0.21477157900000002
2020-05-14,0.216058845
2020-05-15,0.217346111
2020-05-16,0.21863337700000002
2020-05-17,0.219920643
2020-05-18,0.221207909
2020-05-19,0.224664058
2020-05-20,0.22812020700000002
2020-05-21,0.231576356
2020-05-22,0.235032505
2020-05-23,0.23848865400000002
2020-05-24,0.241944803
2020-05-25,0.23894204783333334
2020-05-26,0.2359392926666667
2020-05-27,0.2329365375
2020-05-28,0.22993378233333334
2020-05-29,0.2269310271666667
2020-05-30,0.223928272
2020-05-31,0.23193951166666668
2020-06-01,0.23995075133333335
2020-06-02,0.247961991
2020-06-03,0.25597323066666666
2020-06-04,0.26398447033333333
2020-06-05,0.27199571
2020-06-06,0.26652812216666666
2020-06-07,0.2610605343333333
2020-06-08,0.2555929465
2020-06-09,0.2501253586666667
2020-06-10,0.24465777083333334
2020-06-11,0.239190183
2020-06-12,0.24247489333333333
2020-06-13,0.24575960366666666
2020-06-14,0.249044314
2020-06-15,0.2523290243333333
2020-06-16,0.25561373466666665
2020-06-17,0.258898445
2020-06-18,0.26743382016666667
2020-06-19,0.2759691953333333
2020-06-20,0.2845045705
2020-06-21,0.2930399456666667
2020-06-22,0.3015753208333333
2020-06-23,0.310110696
2020-06-24,0.3452734085
2020-06-25,0.380436121
2020-06-26,0.390581662
2020-06-27,0.34087475166666664
2020-06-28,0.29116784133333334
2020-06-29,0.241460931
2020-06-30,0.27211611966666666
2020-07-01,0.3027713083333333
2020-07-02,0.333426497
2020-07-03,0.30181758399999997
2020-07-04,0.270208671
2020-07-05,0.238599758
2020-07-06,0.28855836700000004
2020-07-07,0.338516976
2020-07-08,0.318555682
2020-07-09,0.26614378333333333
2020-07-10,0.21373188466666665
2020-07-11,0.161319986
2020-07-12,0.20716756366666667
2020-07-13,0.25301514133333336
2020-07-14,0.298862719
2020-07-15,0.253263073
2020-07-16,0.207663427
2020-07-17,0.162063781
2020-07-18,0.15755343049999998
2020-07-19,0.15304308
2020-07-20,0.14853272950000002
2020-07-21,0.144022379
2020-07-22,0.1395120285
2020-07-23,0.135001678
2020-07-24,0.195281348
2020-07-25,0.255561018
2020-07-26,0.315840688
2020-07-27,0.3079803046
2020-07-28,0.3001199212
2020-07-29,0.2922595378
2020-07-30,0.2843991544
2020-07-31,0.276538771
2020-08-01,0.268707041
2020-08-02,0.25971711966666666
2020-08-03,0.25072719833333335
2020-08-04,0.24173727699999997
2020-08-05,0.23274735566666666
2020-08-06,0.22375743433333334
2020-08-07,0.214767513
2020-08-08,0.21518571079999999
2020-08-09,0.2156039086
2020-08-10,0.2160221064
2020-08-11,0.21644030420000002
2020-08-12,0.216858502
2020-08-13,0.230720432
2020-08-14,0.22603537266666668
2020-08-15,0.22135031333333333
2020-08-16,0.216665254
2020-08-17,0.22148286366666667
2020-08-18,0.22630047333333334
2020-08-19,0.231118083
2020-08-20,0.22512528066666668
2020-08-21,0.21913247833333332
2020-08-22,0.213139676
2020-08-23,0.22100942
2020-08-24,0.228879164
2020-08-25,0.209362049
2020-08-26,0.21194889766666666
2020-08-27,0.21453574633333333
2020-08-28,0.217122595
2020-08-29,0.21958397566666668
2020-08-30,0.22204535633333333
2020-08-31,0.224506737
2020-09-01,0.22423340320000001
2020-09-02,0.22396006940000002
2020-09-03,0.2236867356
2020-09-04,0.2234134018
2020-09-05,0.223140068
2020-09-06,0.210205164
2020-09-07,0.19980831033333332
2020-09-08,0.18941145666666667
2020-09-09,0.179014603
2020-09-10,0.17652839366666667
2020-09-11,0.17404218433333332
2020-09-12,0.171555975
2020-09-13,0.1659541782
2020-09-14,0.1603523814
2020-09-15,0.15475058460000002
2020-09-16,0.14914878780000002
2020-09-17,0.143546991
2020-09-18,0.15457637925
2020-09-19,0.1656057675
2020-09-20,0.17663515575
2020-09-21,0.187664544
2020-09-22,0.1874240521111111
2020-09-23,0.1871835602222222
2020-09-24,0.18694306833333332
2020-09-25,0.18670257644444443
2020-09-26,0.18646208455555555
2020-09-27,0.18622159266666666
2020-09-28,0.18598110077777777
2020-09-29,0.18574060888888888
2020-09-30,0.185500117
2020-10-01,0.18416078588888887
2020-10-02,0.18282145477777778
2020-10-03,0.18148212366666666
2020-10-04,0.18014279255555554
2020-10-05,0.17880346144444445
2020-10-06,0.17746413033333333
2020-10-07,0.1761247992222222
2020-10-08,0.17478546811111112
2020-10-09,0.173446137
2020-10-10,0.18314772133333335
2020-10-11,0.19284930566666666
2020-10-12,0.20255089
2020-10-13,0.19361426333333334
2020-10-14,0.18467763666666667
2020-10-15,0.17574101
2020-10-16,0.171169609625
2020-10-17,0.16659820925000002
2020-10-18,0.162026808875
2020-10-19,0.1574554085
2020-10-20,0.152884008125
2020-10-21,0.14831260775
2020-10-22,0.143741207375
2020-10-23,0.139169807
2020-10-24,0.13921176375
2020-10-25,0.1392537205
2020-10-26,0.13929567725
2020-10-27,0.13933763400000002
2020-10-28,0.13937959075
2020-10-29,0.13942154750000002
2020-10-30,0.13946350425
2020-10-31,0.139505461
2020-11-01,0.13954741775
2020-11-02,0.1395893745
2020-11-03,0.13963133125000002
2020-11-04,0.139673288
2020-11-05,0.15257405025
2020-11-06,0.1654748125
2020-11-07,0.17837557475
2020-11-08,0.191276337
2020-11-09,0.18978873759999998
2020-11-10,0.1883011382
2020-11-11,0.18681353879999998
2020-11-12,0.1853259394
2020-11-13,0.18383834
2020-11-14,0.1823507406
2020-11-15,0.1808631412
2020-11-16,0.1793755418
2020-11-17,0.1778879424
2020-11-18,0.17640034300000001
2020-11-19,0.1749127436
2020-11-20,0.17342514420000002
2020-11-21,0.1719375448
2020-11-22,0.17044994540000002
2020-11-23,0.168962346
2020-11-24,0.173563034
2020-11-25,0.178163722
2020-11-26,0.18276441
2020-11-27,0.174959356
2020-11-28,0.167154302
2020-11-29,0.162089005
2020-11-30,0.16810310033333334
2020-12-01,0.17411719566666667
2020-12-02,0.180131291
2020-12-03,0.1815776265
2020-12-04,0.183023962
2020-12-05,0.1844702975
2020-12-06,0.185916633
2020-12-07,0.1873629685
2020-12-08,0.188809304
2020-12-09,0.18089354400000002
2020-12-10,0.172977784
2020-12-11,0.165062024
2020-12-12,0.17353682333333334
2020-12-13,0.18201162266666665
2020-12-14,0.190486422
2020-12-15,0.18141992299999998
2020-12-16,0.172353424
2020-12-17,0.163286925
2020-12-18,0.1884307945
2020-12-19,0.213574664
2020-12-20,0.20965647793333334
2020-12-21,0.20573829186666667
2020-12-22,0.2018201058
2020-12-23,0.19790191973333332
2020-12-24,0.19398373366666666
2020-12-25,0.1900655476
2020-12-26,0.18614736153333333
2020-12-27,0.18222917546666667
2020-12-28,0.1783109894
2020-12-29,0.17439280333333335
2020-12-30,0.17047461726666668
2020-12-31,0.16655643120000002
2021-01-01,0.16263824513333336
2021-01-02,0.15872005906666667
2021-01-03,0.154801873
2021-01-04,0.16116517925
2021-01-05,0.1675284855
2021-01-06,0.17389179175
2021-01-07,0.180255098
2021-01-08,0.172530474
2021-01-09,0.1763043074
2021-01-10,0.1800781408
2021-01-11,0.1838519742
2021-01-12,0.1876258076
2021-01-13,0.191399641
2021-01-14,0.175428436
2021-01-15,0.1701420135
2021-01-16,0.164855591
2021-01-17,0.168853401
2021-01-18,0.172851211
2021-01-19,0.176849021
2021-01-20,0.18084683099999999
2021-01-21,0.184844641
2021-01-22,0.188842451
2021-01-23,0.19284026099999999
2021-01-24,0.196838071
2021-01-25,0.200835881
2021-01-26,0.18654669899999998
2021-01-27,0.172257517
2021-01-28,0.181010118
2021-01-29,0.18359160333333333
2021-01-30,0.18617308866666668
2021-01-31,0.188754574
2021-02-01,0.180437021
2021-02-02,0.172119468
2021-02-03,0.173375212
2021-02-04,0.168159438
2021-02-05,0.17321396249999998
2021-02-06,0.178268487
2021-02-07,0.174401687
2021-02-08,0.170534887
2021-02-09,0.166668087
2021-02-10,0.17613431433333332
2021-02-11,0.18560054166666667
2021-02-12,0.195066769
2021-02-13,0.171740851
2021-02-14,0.148414933
2021-02-15,0.152658125
2021-02-16,0.175640772
2021-02-17,0.1757905545
2021-02-18,0.175940337
2021-02-19,0.1760901195
2021-02-20,0.176239902
2021-02-21,0.1763896845
2021-02-22,0.176539467
2021-02-23,0.1766892495
2021-02-24,0.176839032
2021-02-25,0.17700676366666668
2021-02-26,0.17717449533333335
2021-02-27,0.17734222700000002
2021-02-28,0.17750995866666666
2021-03-01,0.17767769033333333
2021-03-02,0.177845422
2021-03-03,0.1780754235
2021-03-04,0.178305425
2021-03-05,0.17853542649999998
2021-03-06,0.178765428
2021-03-07,0.1789954295
2021-03-08,0.179225431
2021-03-09,0.183155734
2021-03-10,0.18708603699999998
2021-03-11,0.19101634
2021-03-12,0.194946643
2021-03-13,0.198876946
2021-03-14,0.202807249
2021-03-15,0.20130701433333334
2021-03-16,0.19980677966666666
2021-03-17,0.198306545
2021-03-18,0.19680631033333335
2021-03-19,0.19530607566666666
2021-03-20,0.193805841
2021-03-21,0.19133156116666666
2021-03-22,0.18885728133333335
2021-03-23,0.1863830015
2021-03-24,0.18390872166666666
2021-03-25,0.18143444183333335
2021-03-26,0.178960162
2021-03-27,0.1775316995
2021-03-28,0.176103237
2021-03-29,0.17467477450000002
2021-03-30,0.173246312
2021-03-31,0.1718178495
2021-04-01,0.170389387
2021-04-02,0.17143303566666668
2021-04-03,0.17247668433333332
2021-04-04,0.173520333
2021-04-05,0.17456398166666667
2021-04-06,0.17560763033333332
2021-04-07,0.176651279
2021-04-08,0.166647362
2021-04-09,0.156643445
2021-04-10,0.1723598295
2021-04-11,0.188076214
2021-04-12,0.20379259849999998
2021-04-13,0.219508983
2021-04-14,0.21637174183333333
2021-04-15,0.21323450066666666
2021-04-16,0.2100972595
2021-04-17,0.20696001833333333
2021-04-18,0.20382277716666666
2021-04-19,0.200685536
2021-04-20,0.2000040755
2021-04-21,0.199322615
2021-04-22,0.19903744988
2021-04-23,0.19875228476
2021-04-24,0.19846711964
2021-04-25,0.19818195452
2021-04-26,0.1978967894
2021-04-27,0.19761162428
2021-04-28,0.19732645916
2021-04-29,0.19704129404
2021-04-30,0.19675612892
2021-05-01,0.1964709638
2021-05-02,0.19618579868
2021-05-03,0.19590063356
2021-05-04,0.19561546844
2021-05-05,0.19533030332
2021-05-06,0.1950451382
2021-05-07,0.19475997308
2021-05-08,0.19447480796
2021-05-09,0.19418964284
2021-05-10,0.19390447772
2021-05-11,0.1936193126
2021-05-12,0.19333414748
2021-05-13,0.19304898236
2021-05-14,0.19276381724
2021-05-15,0.19247865212
2021-05-16,0.192193487
2021-05-17,0.18289623866666666
2021-05-18,0.17359899033333334
2021-05-19,0.164301742
2021-05-20,0.171974576
2021-05-21,0.17964741
2021-05-22,0.187320244
2021-05-23,0.194993078
2021-05-24,0.202665912
2021-05-25,0.210338746
2021-05-26,0.21801157999999998
2021-05-27,0.225684414
2021-05-28,0.215256729
2021-05-29,0.231431055
2021-05-30,0.24760538099999999
2021-05-31,0.263779707
2021-06-01,0.26626916133333334
2021-06-02,0.26875861566666664
2021-06-03,0.27124806999999995
2021-06-04,0.2737375243333333
2021-06-05,0.2762269786666667
2021-06-06,0.278716433
2021-06-07,0.2732283528333333
2021-06-08,0.26774027266666667
2021-06-09,0.2622521925
2021-06-10,0.25676411233333335
2021-06-11,0.25127603216666666
2021-06-12,0.245787952
2021-06-13,0.23441035500000001
2021-06-14,0.223032758
2021-06-15,0.211655161
2021-06-16,0.20027756400000002
2021-06-17,0.188899967
2021-06-18,0.17752237
2021-06-19,0.22476411550000003
2021-06-20,0.272005861
2021-06-21,0.27417280450000003
2021-06-22,0.276339748
2021-06-23,0.27850669149999996
2021-06-24,0.280673635
2021-06-25,0.2785246673333333
2021-06-26,0.27637569966666664
2021-06-27,0.27422673200000003
2021-06-28,0.27207776433333336
2021-06-29,0.2699287966666667
2021-06-30,0.267779829
2021-07-01,0.2435015505
2021-07-02,0.219223272
2021-07-03,0.214959061
2021-07-04,0.21069485
2021-07-05,0.206430639
2021-07-06,0.202166428
2021-07-07,0.225166966
2021-07-08,0.248167504
2021-07-09,0.271168042
2021-07-10,0.24851877666666666
2021-07-11,0.22586951133333333
2021-07-12,0.203220246
2021-07-13,0.21047957633333333
2021-07-14,0.21773890666666665
2021-07-15,0.224998237
2021-07-16,0.23225756733333333
2021-07-17,0.23951689766666664
2021-07-18,0.246776228
2021-07-19,0.24261005966666666
2021-07-20,0.23844389133333332
2021-07-21,0.234277723
2021-07-22,0.23011155466666666
2021-07-23,0.22594538633333333
2021-07-24,0.221779218
2021-07-25,0.28582568399999997
2021-07-26,0.34987215
2021-07-27,0.323047136
2021-07-28,0.28344955866666666
2021-07-29,0.24385198133333336
2021-07-30,0.204254404
2021-07-31,0.23727638766666667
2021-08-01,0.27029837133333334
2021-08-02,0.303320355
2021-08-03,0.26909777166666665
2021-08-04,0.23487518833333332
2021-08-05,0.200652605
2021-08-06,0.23557413250000003
2021-08-07,0.27049566
2021-08-08,0.24972249200000002
2021-08-09,0.228949324
2021-08-10,0.208176156
2021-08-11,0.187402988
2021-08-12,0.23853304333333333
2021-08-13,0.2896630986666667
2021-08-14,0.340793154
2021-08-15,0.29435455433333335
2021-08-16,0.24791595466666666
2021-08-17,0.201477355
2021-08-18,0.269573029
2021-08-19,0.337668703
2021-08-20,0.285837896
2021-08-21,0.2594965623333333
2021-08-22,0.23315522866666666
2021-08-23,0.206813895
2021-08-24,0.21602782833333334
2021-08-25,0.22524176166666665
2021-08-26,0.234455695
2021-08-27,0.21567029866666665
2021-08-28,0.19688490233333333
2021-08-29,0.178099506
2021-08-30,0.198204573
2021-08-31,0.21830964
2021-09-01,0.220161818
2021-09-02,0.22503367900000001
2021-09-03,0.22990554
2021-09-04,0.234777401
2021-09-05,0.22956847641666667
2021-09-06,0.22435955183333334
2021-09-07,0.21915062725
2021-09-08,0.21394170266666668
2021-09-09,0.20873277808333335
2021-09-10,0.20352385350000002
2021-09-11,0.19831492891666666
2021-09-12,0.19310600433333333
2021-09-13,0.18789707975
2021-09-14,0.18268815516666667
2021-09-15,0.17747923058333334
2021-09-16,0.172270306
2021-09-17,0.17500335883333334
2021-09-18,0.17773641166666668
2021-09-19,0.1804694645
2021-09-20,0.18320251733333334
2021-09-21,0.18593557016666667
2021-09-22,0.188668623
2021-09-23,0.18335399783333334
2021-09-24,0.17803937266666667
2021-09-25,0.1727247475
2021-09-26,0.16741012233333333
2021-09-27,0.16209549716666666
2021-09-28,0.156780872
2021-09-29,0.16232478333333333
2021-09-30,0.16786869466666665
2021-10-01,0.173412606
2021-10-02,0.168635705
2021-10-03,0.163858804
2021-10-04,0.159081903
2021-10-05,0.16066632133333333
2021-10-06,0.16225073966666667
2021-10-07,0.16383515799999998
2021-10-08,0.16541957633333332
2021-10-09,0.16700399466666666
2021-10-10,0.168588413
2021-10-11,0.15882210466666666
2021-10-12,0.14905579633333332
2021-10-13,0.139289488
2021-10-14,0.1437339011111111
2021-10-15,0.14817831422222222
2021-10-16,0.15262272733333332
2021-10-17,0.15706714044444445
2021-10-18,0.16151155355555555
2021-10-19,0.16595596666666668
2021-10-20,0.17040037977777778
2021-10-21,0.17484479288888888
2021-10-22,0.179289206
2021-10-23,0.178692655625
2021-10-24,0.17809610525
2021-10-25,0.177499554875
2021-10-26,0.17690300450000002
2021-10-27,0.176306454125
2021-10-28,0.17570990375
2021-10-29,0.175113353375
2021-10-30,0.174516803
2021-10-31,0.17226968314285715
2021-11-01,0.17002256328571427
2021-11-02,0.16777544342857142
2021-11-03,0.16552832357142858
2021-11-04,0.16328120371428573
2021-11-05,0.16103408385714285
2021-11-06,0.158786964
2021-11-07,0.156288911
2021-11-08,0.153790858
2021-11-09,0.151292805
2021-11-10,0.148794752
2021-11-11,0.146296699
2021-11-12,0.1581512
2021-11-13,0.170005701
2021-11-14,0.181860202
2021-11-15,0.193714703
2021-11-16,0.18445198899999998
2021-11-17,0.175189275
2021-11-18,0.165926561
2021-11-19,0.16571956076190475
2021-11-20,0.16551256052380953
2021-11-21,0.16530556028571428
2021-11-22,0.16509856004761905
2021-11-23,0.1648915598095238
2021-11-24,0.16468455957142858
2021-11-25,0.16447755933333333
2021-11-26,0.1642705590952381
2021-11-27,0.16406355885714285
2021-11-28,0.16385655861904763
2021-11-29,0.16364955838095238
2021-11-30,0.16344255814285713
2021-12-01,0.1632355579047619
2021-12-02,0.16302855766666666
2021-12-03,0.16282155742857143
2021-12-04,0.16261455719047618
2021-12-05,0.16240755695238096
2021-12-06,0.1622005567142857
2021-12-07,0.1619935564761905
2021-12-08,0.16178655623809524
2021-12-09,0.161579556
2021-12-10,0.16137255576190476
2021-12-11,0.1611655555238095
2021-12-12,0.1609585552857143
2021-12-13,0.16075155504761904
2021-12-14,0.16054455480952382
2021-12-15,0.16033755457142856
2021-12-16,0.16013055433333334
2021-12-17,0.1599235540952381
2021-12-18,0.15971655385714287
2021-12-19,0.15950955361904762
2021-12-20,0.15930255338095237
2021-12-21,0.15909555314285714
2021-12-22,0.1588885529047619
2021-12-23,0.15868155266666667
2021-12-24,0.15847455242857142
2021-12-25,0.1582675521904762
2021-12-26,0.15806055195238095
2021-12-27,0.15785355171428572
2021-12-28,0.15764655147619047
2021-12-29,0.15743955123809525
2021-12-30,0.157232551
2021-12-31,0.16705871249999998
2022-01-01,0.176884874
2022-01-02,0.1757010991
2022-01-03,0.1745173242
2022-01-04,0.1733335493
2022-01-05,0.17214977439999998
2022-01-06,0.1709659995
2022-01-07,0.1697822246
2022-01-08,0.16859844969999999
2022-01-09,0.1674146748
2022-01-10,0.16623089989999998
2022-01-11,0.165047125
2022-01-12,0.16194814149999998
2022-01-13,0.158849158
2022-01-14,0.16079407033333332
2022-01-15,0.16273898266666664
2022-01-16,0.164683895
2022-01-17,0.16662880733333332
2022-01-18,0.16857371966666665
2022-01-19,0.170518632
2022-01-20,0.17246354433333333
2022-01-21,0.17440845666666666
2022-01-22,0.17635336899999998
2022-01-23,0.1782982813333333
2022-01-24,0.18024319366666666
2022-01-25,0.182188106
2022-01-26,0.18453741585714284
2022-01-27,0.18688672571428572
2022-01-28,0.18923603557142857
2022-01-29,0.19158534542857142
2022-01-30,0.19393465528571427
2022-01-31,0.19628396514285715
2022-02-01,0.198633275
2022-02-02,0.1923359625
2022-02-03,0.18603865
2022-02-04,0.1797413375
2022-02-05,0.173444025
2022-02-06,0.16714671250000002
2022-02-07,0.1608494
2022-02-08,0.1545520875
2022-02-09,0.148254775
2022-02-10,0.15852979
2022-02-11,0.168804805
2022-02-12,0.1707305155
2022-02-13,0.172656226
2022-02-14,0.1745819365
2022-02-15,0.176507647
2022-02-16,0.1784333575
2022-02-17,0.180359068
2022-02-18,0.1822847785
2022-02-19,0.184210489
2022-02-20,0.1861361995
2022-02-21,0.18806191
2022-02-22,0.174921538
2022-02-23,0.161781166
2022-02-24,0.1595629615
2022-02-25,0.157344757
2022-02-26,0.15512655250000001
2022-02-27,0.152908348
2022-02-28,0.15069014349999998
2022-03-01,0.148471939
2022-03-02,0.1462537345
2022-03-03,0.14403553
2022-03-04,0.14181732549999998
2022-03-05,0.139599121
2022-03-06,0.15078092475
2022-03-07,0.16196272849999999
2022-03-08,0.17314453225
2022-03-09,0.184326336
2022-03-10,0.182802077
2022-03-11,0.181277818
2022-03-12,0.179753559
2022-03-13,0.1782003386
2022-03-14,0.1766471182
2022-03-15,0.1750938978
2022-03-16,0.1735406774
2022-03-17,0.171987457
2022-03-18,0.17832375649999999
2022-03-19,0.184660056
2022-03-20,0.18175236276470588
2022-03-21,0.17884466952941175
2022-03-22,0.17593697629411764
2022-03-23,0.17302928305882354
2022-03-24,0.1701215898235294
2022-03-25,0.1672138965882353
2022-03-26,0.16430620335294116
2022-03-27,0.16139851011764705
2022-03-28,0.15849081688235295
2022-03-29,0.1555831236470588
2022-03-30,0.1526754304117647
2022-03-31,0.1497677371764706
2022-04-01,0.14686004394117647
2022-04-02,0.14395235070588236
2022-04-03,0.14104465747058825
2022-04-04,0.13813696423529412
2022-04-05,0.135229271
2022-04-06,0.1410368688888889
2022-04-07,0.1468444667777778
2022-04-08,0.15265206466666667
2022-04-09,0.15845966255555555
2022-04-10,0.16426726044444445
2022-04-11,0.17007485833333333
2022-04-12,0.1758824562222222
2022-04-13,0.1816900541111111
2022-04-14,0.187497652
2022-04-15,0.17741093233333333
2022-04-16,0.16732421266666667
2022-04-17,0.157237493
2022-04-18,0.15799372558333333
2022-04-19,0.15874995816666668
2022-04-20,0.15950619075
2022-04-21,0.16026242333333335
2022-04-22,0.16101865591666667
2022-04-23,0.1617748885
2022-04-24,0.16253112108333334
2022-04-25,0.16328735366666666
2022-04-26,0.16404358625
2022-04-27,0.16479981883333333
2022-04-28,0.16555605141666668
2022-04-29,0.166312284
2022-04-30,0.16706851658333333
2022-05-01,0.16782474916666668
2022-05-02,0.16858098175
2022-05-03,0.16933721433333335
2022-05-04,0.17009344691666667
2022-05-05,0.17084967950000002
2022-05-06,0.17160591208333334
2022-05-07,0.17236214466666666
2022-05-08,0.17311837725
2022-05-09,0.17387460983333333
2022-05-10,0.17463084241666668
2022-05-11,0.175387075
2022-05-12,0.17045633844444444
2022-05-13,0.1655256018888889
2022-05-14,0.16059486533333334
2022-05-15,0.15566412877777777
2022-05-16,0.15073339222222223
2022-05-17,0.14580265566666667
2022-05-18,0.14087191911111113
2022-05-19,0.13594118255555557
2022-05-20,0.131010446
2022-05-21,0.13588881354166668
2022-05-22,0.14076718108333333
2022-05-23,0.145645548625
2022-05-24,0.15052391616666666
2022-05-25,0.15540228370833334
2022-05-26,0.16028065125000002
2022-05-27,0.16515901879166667
2022-05-28,0.17003738633333335
2022-05-29,0.174915753875
2022-05-30,0.17979412141666667
2022-05-31,0.18467248895833333
2022-06-01,0.1895508565
2022-06-02,0.19442922404166668
2022-06-03,0.19930759158333333
2022-06-04,0.204185959125
2022-06-05,0.2090643266666667
2022-06-06,0.21394269420833334
2022-06-07,0.21882106175
2022-06-08,0.2236994292916667
2022-06-09,0.22857779683333335
2022-06-10,0.233456164375
2022-06-11,0.23833453191666668
2022-06-12,0.24321289945833335
2022-06-13,0.248091267
2022-06-14,0.24937387241666667
2022-06-15,0.25065647783333334
2022-06-16,0.25193908325000003
2022-06-17,0.25322168866666667
2022-06-18,0.2545042940833333
2022-06-19,0.2557868995
2022-06-20,0.2570695049166667
2022-06-21,0.25835211033333333
2022-06-22,0.25963471574999997
2022-06-23,0.26091732116666666
2022-06-24,0.26219992658333335
2022-06-25,0.263482532
2022-06-26,0.26451881241666664
2022-06-27,0.26555509283333334
2022-06-28,0.26659137325
2022-06-29,0.2676276536666667
2022-06-30,0.26866393408333333
2022-07-01,0.26970021450000004
2022-07-02,0.2707364949166667
2022-07-03,0.2717727753333333
2022-07-04,0.27280905575000003
2022-07-05,0.2738453361666667
2022-07-06,0.2748816165833334
2022-07-07,0.275917897
2022-07-08,0.26855221391666667
2022-07-09,0.2611865308333334
2022-07-10,0.25382084775
2022-07-11,0.24645516466666667
2022-07-12,0.23908948158333335
2022-07-13,0.23172379850000002
2022-07-14,0.22435811541666667
2022-07-15,0.21699243233333335
2022-07-16,0.20962674925000002
2022-07-17,0.20226106616666667
2022-07-18,0.19489538308333332
2022-07-19,0.1875297
2022-07-20,0.23363625133333332
2022-07-21,0.2797428026666666
2022-07-22,0.325849354
2022-07-23,0.3150056328888889
2022-07-24,0.30416191177777774
2022-07-25,0.29331819066666664
2022-07-26,0.28247446955555555
2022-07-27,0.27163074844444446
2022-07-28,0.2607870273333333
2022-07-29,0.24994330622222222
2022-07-30,0.23909958511111112
2022-07-31,0.228255864
2022-08-01,0.24435822966666668
2022-08-02,0.2604605953333333
2022-08-03,0.276562961
2022-08-04,0.2711319618888889
2022-08-05,0.26570096277777777
2022-08-06,0.26026996366666666
2022-08-07,0.25483896455555555
2022-08-08,0.24940796544444446
2022-08-09,0.24397696633333335
2022-08-10,0.23854596722222224
2022-08-11,0.23311496811111113
2022-08-12,0.227683969
2022-08-13,0.22598569966666668
2022-08-14,0.22428743033333334
2022-08-15,0.222589161
2022-08-16,0.22089089166666667
2022-08-17,0.21919262233333334
2022-08-18,0.217494353
2022-08-19,0.21579608366666667
2022-08-20,0.21409781433333333
2022-08-21,0.212399545
2022-08-22,0.21070127566666666
2022-08-23,0.20900300633333332
2022-08-24,0.207304737
2022-08-25,0.21122017858333333
2022-08-26,0.21513562016666665
2022-08-27,0.21905106175
2022-08-28,0.22296650333333332
2022-08-29,0.22688194491666666
2022-08-30,0.23079738649999998
2022-08-31,0.23471282808333332
2022-09-01,0.23862826966666667
2022-09-02,0.24254371125
2022-09-03,0.24645915283333333
2022-09-04,0.25037459441666665
2022-09-05,0.254290036
2022-09-06,0.24820313433333333
2022-09-07,0.24211623266666665
2022-09-08,0.236029331
2022-09-09,0.22994242933333334
2022-09-10,0.22385552766666666
2022-09-11,0.217768626
2022-09-12,0.21168172433333332
2022-09-13,0.20559482266666665
2022-09-14,0.19950792099999998
2022-09-15,0.19342101933333333
2022-09-16,0.18733411766666663
2022-09-17,0.181247216
2022-09-18,0.19507467566666667
2022-09-19,0.20890213533333332
2022-09-20,0.222729595
2022-09-21,0.2199436807777778
2022-09-22,0.21715776655555555
2022-09-23,0.21437185233333333
2022-09-24,0.21158593811111112
2022-09-25,0.20880002388888888
2022-09-26,0.20601410966666667
2022-09-27,0.20322819544444445
2022-09-28,0.2004422812222222
2022-09-29,0.197656367
2022-09-30,0.19622660116666668
2022-10-01,0.19479683533333333
2022-10-02,0.1933670695
2022-10-03,0.19193730366666667
2022-10-04,0.19050753783333335
2022-10-05,0.189077772
2022-10-06,0.18764800616666666
2022-10-07,0.18621824033333334
2022-10-08,0.18478847450000002
2022-10-09,0.18335870866666668
2022-10-10,0.18192894283333333
2022-10-11,0.180499177
2022-10-12,0.1798271801851852
2022-10-13,0.17915518337037037
2022-10-14,0.17848318655555556
2022-10-15,0.17781118974074075
2022-10-16,0.17713919292592595
2022-10-17,0.1764671961111111
2022-10-18,0.1757951992962963
2022-10-19,0.1751232024814815
2022-10-20,0.17445120566666666
2022-10-21,0.17377920885185186
2022-10-22,0.17310721203703705
2022-10-23,0.17243521522222222
2022-10-24,0.1717632184074074
2022-10-25,0.1710912215925926
2022-10-26,0.1704192247777778
2022-10-27,0.16974722796296296
2022-10-28,0.16907523114814815
2022-10-29,0.16840323433333335
2022-10-30,0.1677312375185185
2022-10-31,0.1670592407037037
2022-11-01,0.1663872438888889
2022-11-02,0.1657152470740741
2022-11-03,0.16504325025925926
2022-11-04,0.16437125344444445
2022-11-05,0.16369925662962964
2022-11-06,0.1630272598148148
2022-11-07,0.162355263
2022-11-08,0.16345433883333332
2022-11-09,0.16455341466666668
2022-11-10,0.1656524905
2022-11-11,0.16675156633333332
2022-11-12,0.16785064216666667
2022-11-13,0.168949718
2022-11-14,0.17004879383333332
2022-11-15,0.17114786966666667
2022-11-16,0.1722469455
2022-11-17,0.17334602133333332
2022-11-18,0.17444509716666667
2022-11-19,0.175544173
2022-11-20,0.17646422641666668
2022-11-21,0.17738427983333332
2022-11-22,0.17830433325
2022-11-23,0.17922438666666665
2022-11-24,0.18014444008333333
2022-11-25,0.18106449349999998
2022-11-26,0.18198454691666666
2022-11-27,0.18290460033333333
2022-11-28,0.18382465374999998
2022-11-29,0.18474470716666666
2022-11-30,0.1856647605833333
2022-12-01,0.186584814
2022-12-02,0.18467088322222222
2022-12-03,0.18275695244444443
2022-12-04,0.18084302166666666
2022-12-05,0.1789290908888889
2022-12-06,0.1770151601111111
2022-12-07,0.17510122933333333
2022-12-08,0.17318729855555556
2022-12-09,0.17127336777777777
2022-12-10,0.169359437
2022-12-11,0.17289768866666666
2022-12-12,0.17643594033333335
2022-12-13,0.179974192
2022-12-14,0.18147546355555555
2022-12-15,0.18297673511111112
2022-12-16,0.18447800666666667
2022-12-17,0.1859792782222222
2022-12-18,0.18748054977777778
2022-12-19,0.18898182133333333
2022-12-20,0.19048309288888887
2022-12-21,0.19198436444444444
2022-12-22,0.193485636
2022-12-23,0.17142641733333333
2022-12-24,0.14936719866666665
2022-12-25,0.12730798
2022-12-26,0.12935381523809522
2022-12-27,0.13139965047619045
2022-12-28,0.13344548571428572
2022-12-29,0.13549132095238095
2022-12-30,0.13753715619047618
2022-12-31,0.13958299142857142
2023-01-01,0.14162882666666665
2023-01-02,0.1436746619047619
2023-01-03,0.14572049714285715
2023-01-04,0.14776633238095238
2023-01-05,0.14981216761904761
2023-01-06,0.15185800285714285
2023-01-07,0.1539038380952381
2023-01-08,0.15594967333333334
2023-01-09,0.15799550857142858
2023-01-10,0.1600413438095238
2023-01-11,0.16208717904761905
2023-01-12,0.1641330142857143
2023-01-13,0.1661788495238095
2023-01-14,0.16822468476190477
2023-01-15,0.17027052
2023-01-16,0.17217730275
2023-01-17,0.1740840855
2023-01-18,0.17599086825000002
2023-01-19,0.17789765100000002
2023-01-20,0.17980443375000002
2023-01-21,0.1817112165
2023-01-22,0.18361799925
2023-01-23,0.185524782
2023-01-24,0.18743156475
2023-01-25,0.1893383475
2023-01-26,0.19124513025
2023-01-27,0.193151913
2023-01-28,0.19152133275
2023-01-29,0.1898907525
2023-01-30,0.18826017225
2023-01-31,0.186629592
2023-02-01,0.18499901175
2023-02-02,0.18336843149999998
2023-02-03,0.18173785125
2023-02-04,0.18010727099999999
2023-02-05,0.17847669075
2023-02-06,0.1768461105
2023-02-07,0.17521553024999997
2023-02-08,0.17358495
2023-02-09,0.175002915875
2023-02-10,0.17642088174999998
2023-02-11,0.177838847625
2023-02-12,0.1792568135
2023-02-13,0.180674779375
2023-02-14,0.18209274525000002
2023-02-15,0.183510711125
2023-02-16,0.184928677
2023-02-17,0.18020037975
2023-02-18,0.17547208250000002
2023-02-19,0.17074378525
2023-02-20,0.166015488
2023-02-21,0.16997239566666666
2023-02-22,0.1739293033333333
2023-02-23,0.177886211
2023-02-24,0.1754821382
2023-02-25,0.1730780654
2023-02-26,0.1706739926
2023-02-27,0.1682699198
2023-02-28,0.165865847
2023-03-01,0.16900495650000003
2023-03-02,0.172144066
2023-03-03,0.1752831755
2023-03-04,0.178422285
2023-03-05,0.17850685591666668
2023-03-06,0.17859142683333334
2023-03-07,0.17867599775
2023-03-08,0.17876056866666667
2023-03-09,0.17884513958333334
2023-03-10,0.1789297105
2023-03-11,0.17901428141666667
2023-03-12,0.17909885233333334
2023-03-13,0.17918342325
2023-03-14,0.17926799416666667
2023-03-15,0.17935256508333333
2023-03-16,0.179437136
2023-03-17,0.17949465045833332
2023-03-18,0.17955216491666667
2023-03-19,0.179609679375
2023-03-20,0.17966719383333332
2023-03-21,0.17972470829166667
2023-03-22,0.17978222275
2023-03-23,0.17983973720833332
2023-03-24,0.17989725166666667
2023-03-25,0.179954766125
2023-03-26,0.18001228058333332
2023-03-27,0.18006979504166667
2023-03-28,0.1801273095
2023-03-29,0.18018482395833332
2023-03-30,0.18024233841666668
2023-03-31,0.180299852875
2023-04-01,0.18035736733333332
2023-04-02,0.18041488179166668
2023-04-03,0.18047239625
2023-04-04,0.18052991070833332
2023-04-05,0.18058742516666668
2023-04-06,0.180644939625
2023-04-07,0.18070245408333332
2023-04-08,0.18075996854166668
2023-04-09,0.180817483
2023-04-10,0.18504068741666668
2023-04-11,0.18926389183333334
2023-04-12,0.19348709625
2023-04-13,0.19771030066666667
2023-04-14,0.20193350508333335
2023-04-15,0.2061567095
2023-04-16,0.21037991391666666
2023-04-17,0.21460311833333334
2023-04-18,0.21882632275000002
2023-04-19,0.22304952716666668
2023-04-20,0.22727273158333333
2023-04-21,0.231495936
2023-04-22,0.2004831076666667
2023-04-23,0.16947027933333333
2023-04-24,0.138457451
2023-04-25,0.138457451
2023-04-26,0.138457451
2023-04-27,0.138457451
2023-04-28,0.138457451
2023-04-29,0.138457451
2023-04-30,0.138457451
2023-05-01,0.138457451
