,time,discharge,u_error,l_error,width_averaged_thickness,width_averaged_thickness_bedmachine
0,2016-01-09,0.2880841790654307,0.07666747617452263,0.11172050431148312,192.61844,196.87657
1,2016-01-16,0.37004408099846037,0.09407727271018418,0.14142414740325665,192.61844,196.87657
2,2016-01-21,0.36847018859368796,0.09683114040498864,0.14249461917733655,192.61844,196.87657
3,2016-02-02,0.3248979346679153,0.08034569485500542,0.12252291240852267,192.61844,196.87657
4,2016-02-09,0.33784049680218425,0.08382427014227689,0.12769859659437896,192.61844,196.87657
5,2016-02-14,0.36430884762374816,0.09068054520900315,0.1378638091552802,192.61844,196.87657
6,2016-02-21,0.3791351618557766,0.1078133006559111,0.1508627762602461,192.61844,196.87657
7,2016-02-26,0.32900620367166394,0.09921194100436231,0.13383811629814335,192.61844,196.87657
8,2016-03-04,0.34480171189709113,0.0796267247242512,0.1272919373136009,192.61844,196.87657
9,2016-03-09,0.3287221945936126,0.09797935195496521,0.133171353104624,192.61844,196.87657
10,2016-03-16,0.3154358036807131,0.08041629150165114,0.12059730727188103,192.61844,196.87657
11,2016-03-21,0.32450227440562673,0.09062327651434954,0.12774363061129915,192.61844,196.87657
12,2016-03-28,0.3421793283207206,0.08325913298673004,0.1285855031647267,192.61844,196.87657
13,2016-04-02,0.3719069299624273,0.09951557637110287,0.14446997069760173,192.61844,196.87657
14,2016-04-05,0.33051337105816886,0.17158490000652943,0.17120482065357,192.61844,196.87657
15,2016-04-09,0.36602582105346265,0.14165528148588985,0.16452060167647986,192.61844,196.87657
16,2016-04-14,0.3478227772188315,0.1168957711918926,0.14728874428497676,192.61844,196.87657
17,2016-04-17,0.39508184691294385,0.15503883081614184,0.17846078122353903,192.61844,196.87657
18,2016-04-21,0.46567175326781063,0.12721002176824248,0.18212490773474438,192.61844,196.87657
19,2016-05-03,0.39532104117014943,0.1006104319546246,0.15075789590676006,192.61844,196.87657
20,2016-05-06,0.3814355159405815,0.10300159215334043,0.14838137927784412,192.61844,196.87657
21,2016-05-11,0.40646995083023335,0.10530666931832605,0.15591803486143996,192.61844,196.87657
22,2016-05-15,0.5006922768735823,0.1240224508855644,0.18939742772155316,192.61844,196.87657
23,2016-05-18,0.4502274928179484,0.11680750176024535,0.17271489082943986,192.61844,196.87657
24,2016-05-20,0.4669929395657501,0.12586867713538402,0.18241601999328977,192.61844,196.87657
25,2016-05-23,0.4267354842713577,0.10298679969628993,0.1599663514121885,192.61844,196.87657
26,2016-05-27,0.31208810779940266,0.07972077986386256,0.11914487828965631,192.61844,196.87657
27,2016-06-01,0.3580703909669128,0.09533709563091225,0.13895057760704055,192.61844,196.87657
28,2016-06-04,0.43477486254025477,0.10527270323077054,0.16336019815487857,192.61844,196.87657
29,2016-06-08,0.48630294164622445,0.11157432390536981,0.17889672954970937,192.61844,196.87657
30,2016-07-05,0.32569145039135,0.07612988717714636,0.12095375614884135,192.61844,196.87657
31,2016-07-10,0.3543265812423115,0.07991138191488178,0.12990856135323495,192.61844,196.87657
32,2016-07-17,0.33066435290235136,0.07196573936941852,0.1202597797491369,192.61844,196.87657
33,2016-07-22,0.3379602849669769,0.07262426553112483,0.12279868386972023,192.61844,196.87657
34,2016-07-26,0.26267163059809345,0.06287854847915736,0.09776275034163195,192.61844,196.87657
35,2016-07-29,0.3051199717224231,0.06702028222492168,0.1113341034778893,192.61844,196.87657
36,2016-08-03,0.27173568944647114,0.059929413147368826,0.09914882466673453,192.61844,196.87657
37,2016-08-07,0.26134933837018126,0.06164437829022118,0.09714111162049968,192.61844,196.87657
38,2016-08-10,0.31905875527947614,0.06734940053454169,0.11457292287153512,192.61844,196.87657
39,2016-08-15,0.2692197911296221,0.06078450308089234,0.09897368834291376,192.61844,196.87657
40,2016-08-19,0.2813275530674535,0.0620937409470349,0.10219721305784393,192.61844,196.87657
41,2016-08-27,0.2592934724632462,0.0648619353747541,0.09833236899493447,192.61844,196.87657
42,2016-08-31,0.2617301175893379,0.08265575571152073,0.10827291694916397,192.61844,196.87657
43,2016-09-03,0.27077555803143755,0.07132233827763673,0.10486066564800628,192.61844,196.87657
44,2016-09-08,0.24623770846603124,0.06558402929449356,0.09545282453113185,192.61844,196.87657
45,2016-09-12,0.24712548276408738,0.07680497076627021,0.10195388496460542,192.61844,196.87657
46,2016-09-15,0.29739641892308816,0.08662889793931555,0.1191398132689753,192.61844,196.87657
47,2016-09-20,0.3199994635534951,0.07410849636465905,0.1183573262423381,192.61844,196.87657
48,2016-09-24,0.2624467948522783,0.08615187270057967,0.11059442462737992,192.61844,196.87657
49,2016-10-12,0.2517791410232726,0.08254096850015541,0.10566075232321562,192.61844,196.87657
50,2016-10-14,0.29614636333407124,0.09702698103170221,0.12453516132998463,192.61844,196.87657
51,2016-10-26,0.31673824137199014,0.1171522139848793,0.1400051292728593,192.61844,196.87657
52,2016-10-30,0.28355693279229194,0.1295082854246813,0.13794778439494998,192.61844,196.87657
53,2016-11-07,0.20475347736518704,0.09872416838586504,0.10185315646079351,192.61844,196.87657
54,2016-11-11,0.24357669731185916,0.10399091088475304,0.11478442386436208,192.61844,196.87657
55,2016-11-14,0.27462766657385046,0.09050132899784535,0.11540667338085886,192.61844,196.87657
56,2016-11-17,0.2779881078371131,0.08704318818819229,0.11473117419779616,192.61844,196.87657
57,2016-11-23,0.31650914101419725,0.10069663007621876,0.13193355971151952,192.61844,196.87657
58,2016-11-29,0.27036625970120254,0.07972988528741082,0.10882171211063671,192.61844,196.87657
59,2016-12-05,0.30151450322767426,0.10144083288947392,0.12817729285683507,192.61844,196.87657
60,2016-12-08,0.2633617402223057,0.09379273903708513,0.11453912569015981,192.61844,196.87657
61,2016-12-13,0.3001007422962229,0.09617747178792102,0.1250217839779673,192.61844,196.87657
62,2016-12-20,0.31692333412928164,0.08268771063029096,0.12199220674322112,192.61844,196.87657
63,2016-12-23,0.31570060958861845,0.08727279144831879,0.12439991690008109,192.61844,196.87657
64,2016-12-25,0.25175855492369,0.06992712092858105,0.09905693060831472,192.61844,196.87657
65,2016-12-29,0.3135694317046967,0.09281284748011825,0.1263413011911684,192.61844,196.87657
66,2017-01-01,0.23040236500091718,0.08268788341541242,0.10036217735890882,191.15894,196.87657
67,2017-01-04,0.31638416392970176,0.09289189472431558,0.1275577537358437,191.15894,196.87657
68,2017-01-06,0.303576965467404,0.09787195349684547,0.1264035115868466,191.15894,196.87657
69,2017-01-10,0.3012731641636801,0.0847593157956496,0.11959382601537816,191.15894,196.87657
70,2017-01-13,0.2684315848272443,0.0846516198019523,0.1109613316366771,191.15894,196.87657
71,2017-01-16,0.3289443920604462,0.0979282628395684,0.133205527208696,191.15894,196.87657
72,2017-01-22,0.2588042582951847,0.08735734851619542,0.10992745398788625,191.15894,196.87657
73,2017-01-28,0.3478994259182557,0.10908979382294964,0.14393293854781583,191.15894,196.87657
74,2017-02-03,0.3165589073591094,0.08994316592547658,0.12588958321859905,191.15894,196.87657
75,2017-02-06,0.265435065814099,0.0654644850551393,0.10024175899348822,191.15894,196.87657
76,2017-02-09,0.29282950887846204,0.09378931875428287,0.12160372608659342,191.15894,196.87657
77,2017-02-12,0.28203630139504793,0.0653453984946531,0.10393334229692128,191.15894,196.87657
78,2017-02-15,0.3166976281375298,0.10221491868734628,0.13206663930758727,191.15894,196.87657
79,2017-02-18,0.23232542384095758,0.05857680444184735,0.08813649847436983,191.15894,196.87657
80,2017-03-05,0.29985409016361037,0.08625258380202439,0.11982676935938558,191.15894,196.87657
81,2017-03-07,0.27830603309494706,0.06821707671457539,0.10476767994445116,191.15894,196.87657
82,2017-03-11,0.3053022655817198,0.07550275496560394,0.11556626838778325,191.15894,196.87657
83,2017-03-17,0.3312748165774471,0.12499856317341473,0.1474015030143806,191.15894,196.87657
84,2017-03-19,0.26684516598458785,0.09637274585931443,0.1162995062458054,191.15894,196.87657
85,2017-03-26,0.2876159181908643,0.10107584635861655,0.12416278600804556,191.15894,196.87657
86,2017-03-29,0.35667749852722025,0.10612720589617186,0.14458057569418634,191.15894,196.87657
87,2017-03-31,0.2967035897815302,0.08273090068586464,0.11707618994948196,191.15894,196.87657
88,2017-04-07,0.22073357154185758,0.06448853973633895,0.08849851932720576,191.15894,196.87657
89,2017-04-10,0.34974832282702745,0.10222958808707688,0.14046258381388238,191.15894,196.87657
90,2017-04-12,0.30298887676317743,0.08859469978334855,0.12189517142023268,191.15894,196.87657
91,2017-04-16,0.3035775519236871,0.08763375853339173,0.12139686452989135,191.15894,196.87657
92,2017-04-22,0.3307938976394185,0.12747140887053537,0.14857749315148602,191.15894,196.87657
93,2017-04-24,0.27689139209880786,0.11331586849773245,0.1272964036261796,191.15894,196.87657
94,2017-04-28,0.37480370668429447,0.14707866531066988,0.16993465328748802,191.15894,196.87657
95,2017-05-04,0.358614354098515,0.18164242466342656,0.183040830053222,191.15894,196.87657
96,2017-05-10,0.3537005843793188,0.13351291211143101,0.15757023425557215,191.15894,196.87657
97,2017-05-13,0.34116699119080973,0.12106825497014756,0.14747070413265045,191.15894,196.87657
98,2017-05-16,0.42183524759621366,0.10719463291795411,0.16089005798329653,191.15894,196.87657
99,2017-05-18,0.34428819003288336,0.10029976323302581,0.137255672436703,191.15894,196.87657
100,2017-05-22,0.38657975284058493,0.09496312537704299,0.14570632380883633,191.15894,196.87657
101,2017-05-24,0.4215718463453697,0.11801917944293072,0.16619277960522216,191.15894,196.87657
102,2017-05-25,0.4023036411997332,0.10874935079186893,0.15664014742363044,191.15894,196.87657
103,2017-05-28,0.3444147483401662,0.08927927650151962,0.13170793641379708,191.15894,196.87657
104,2017-05-31,0.4214061394902696,0.10762189780436493,0.16128973974145105,191.15894,196.87657
105,2017-06-06,0.4092695108273779,0.10059157159648463,0.15396613181329,191.15894,196.87657
106,2017-06-09,0.4214238660096018,0.10025559956845098,0.1568513293497733,191.15894,196.87657
107,2017-06-12,0.4066402581650839,0.09990835193972253,0.1528613580330101,191.15894,196.87657
108,2017-06-15,0.36586308763054975,0.08619042654331216,0.13563449317496087,191.15894,196.87657
109,2017-06-21,0.3989132111765571,0.08619501950708641,0.14401152737535633,191.15894,196.87657
110,2017-06-24,0.4168056484730182,0.09549205712104475,0.15353580569294045,191.15894,196.87657
111,2017-06-27,0.38164045569181465,0.1041504040481574,0.14951661942043196,191.15894,196.87657
112,2017-06-30,0.38869494032758545,0.08939752390780714,0.14367617355118398,191.15894,196.87657
113,2017-07-03,0.35400857373657263,0.08593945745304071,0.13291639007155776,191.15894,196.87657
114,2017-07-06,0.3193511872886768,0.07150883500297744,0.11698719607527558,191.15894,196.87657
115,2017-07-09,0.35032943713186665,0.07840940730469548,0.1278737286320599,191.15894,196.87657
116,2017-07-12,0.3912618497702609,0.08372599083281129,0.1412910715473712,191.15894,196.87657
117,2017-07-15,0.336356898004087,0.07791774727638012,0.12410864121865892,191.15894,196.87657
118,2017-07-18,0.37812389646779915,0.0771947920889639,0.13456964355604967,191.15894,196.87657
119,2017-07-21,0.3541567223248107,0.09259675945242646,0.1360928725346163,191.15894,196.87657
120,2017-07-27,0.3177938175138766,0.07613129162067861,0.11815762991087855,191.15894,196.87657
121,2017-08-04,0.3259938056032197,0.06990502589422781,0.1182904367474717,191.15894,196.87657
122,2017-08-08,0.2995267120148942,0.06632221629611973,0.10905799572083366,191.15894,196.87657
123,2017-08-10,0.28859370504261717,0.0635258471090499,0.10531908238722049,191.15894,196.87657
124,2017-08-11,0.2991422147541255,0.06326801919599817,0.10764759538923432,191.15894,196.87657
125,2017-08-14,0.2741598841988269,0.07847100213543035,0.10881649543447969,191.15894,196.87657
126,2017-08-16,0.2401226924127484,0.06680921332097858,0.09474812009256603,191.15894,196.87657
127,2017-08-17,0.2357036202747895,0.06255760531790114,0.09155003778816687,191.15894,196.87657
128,2017-08-20,0.28057493617538704,0.07196282663483544,0.107369149805537,191.15894,196.87657
129,2017-08-22,0.2995188471269551,0.06940657135016653,0.11071814385786163,191.15894,196.87657
130,2017-08-23,0.24712371704936129,0.05893503457141805,0.0922618943880803,191.15894,196.87657
131,2017-08-26,0.32981785814748116,0.0786047821903802,0.12327314856059224,191.15894,196.87657
132,2017-08-28,0.34646108830640376,0.07800552694614571,0.12699945276964722,191.15894,196.87657
133,2017-08-29,0.3532167590964022,0.07789345646207763,0.12870775353418734,191.15894,196.87657
134,2017-09-01,0.3011665895039451,0.0702461682484759,0.11163722915437763,191.15894,196.87657
135,2017-09-04,0.36050271138797907,0.08470235842448548,0.134413595743792,191.15894,196.87657
136,2017-09-07,0.23392681793542822,0.06742907832868492,0.0933864330405895,191.15894,196.87657
137,2017-09-09,0.23904041277667096,0.06285393648751161,0.09242872573254485,191.15894,196.87657
138,2017-09-13,0.2749179871062941,0.07616518709775061,0.10831646564331471,191.15894,196.87657
139,2017-09-15,0.3042177123100453,0.07791355527536498,0.11678443772195554,191.15894,196.87657
140,2017-09-16,0.3267823840949072,0.0869989643065498,0.12662125000815996,191.15894,196.87657
141,2017-09-19,0.34093530751847895,0.09272475564648736,0.13359477854366023,191.15894,196.87657
142,2017-09-21,0.32248625730245684,0.0836639292629684,0.12380676203255872,191.15894,196.87657
143,2017-09-22,0.3188484386649148,0.09358573216613658,0.12808335806368248,191.15894,196.87657
144,2017-09-25,0.25811333188719987,0.08531432517408855,0.10886947618412951,191.15894,196.87657
145,2017-09-27,0.2919165974756459,0.0817519421054061,0.11457001502876069,191.15894,196.87657
146,2017-09-28,0.27326416348688903,0.08248126257834548,0.11070621128499772,191.15894,196.87657
147,2017-10-01,0.2342355559151777,0.07579204186698973,0.09808184996346675,191.15894,196.87657
148,2017-10-03,0.26793189845842696,0.0738575077699743,0.10492805036197397,191.15894,196.87657
149,2017-10-04,0.20956213354854272,0.061797647409174455,0.08418357392093948,191.15894,196.87657
150,2017-10-09,0.3039158103982538,0.08588260403000902,0.12000692492385828,191.15894,196.87657
151,2017-10-10,0.2388132393122438,0.07520699234637906,0.09841581958642076,191.15894,196.87657
152,2017-10-15,0.2512518260722307,0.06717265848758674,0.09769426617289223,191.15894,196.87657
153,2017-10-16,0.23083198073088101,0.06616566977967259,0.09220242232985734,191.15894,196.87657
154,2017-10-21,0.28400603245831046,0.10287089853489428,0.1237057307078323,191.15894,196.87657
155,2017-10-22,0.25189396525035274,0.08566074864918549,0.10743120066731326,191.15894,196.87657
156,2017-10-25,0.31590476212626456,0.10991155949370518,0.13560126725362542,191.15894,196.87657
157,2017-10-27,0.26499631250198546,0.11258561949045215,0.12426929000077339,191.15894,196.87657
158,2017-11-02,0.3499107850322663,0.14408072002443556,0.16211318405784708,191.15894,196.87657
159,2017-11-06,0.3123411699285493,0.10188223769168664,0.13077269280488918,191.15894,196.87657
160,2017-11-08,0.26460539057182575,0.11232068190157801,0.12412761889605925,191.15894,196.87657
161,2017-11-09,0.2727682006222173,0.10870777536409293,0.12485043403564869,191.15894,196.87657
162,2017-11-12,0.3167753008736154,0.1097399199079333,0.13633085244681364,191.15894,196.87657
163,2017-11-14,0.2895237322629734,0.10472921912234134,0.12703953843021543,191.15894,196.87657
164,2017-11-20,0.2895696167382701,0.11033444944166432,0.12910169131152854,191.15894,196.87657
165,2017-11-21,0.28343215260578264,0.10784522058091495,0.12613854900844215,191.15894,196.87657
166,2017-11-24,0.3358637308535745,0.1569489317302668,0.1654690946616572,191.15894,196.87657
167,2017-11-26,0.3473113812555297,0.14874043826812972,0.16368152496034893,191.15894,196.87657
168,2017-11-27,0.2799539581872095,0.12529365496259903,0.13440804578079654,191.15894,196.87657
169,2017-11-30,0.3178735420159415,0.1450777376432691,0.15445486084035204,191.15894,196.87657
170,2017-12-03,0.3414042232572964,0.10928396229399195,0.1414365760873054,191.15894,196.87657
171,2017-12-06,0.3263199607947035,0.10495705228648211,0.1358953572998877,191.15894,196.87657
172,2017-12-08,0.3339412928218425,0.11045731257768548,0.1403541544017521,191.15894,196.87657
173,2017-12-09,0.347754956876996,0.10246043560708118,0.14004311305898734,191.15894,196.87657
174,2017-12-12,0.36356588018863617,0.10785479602123832,0.14695925248827033,191.15894,196.87657
175,2017-12-14,0.28690564964544385,0.10036855477705953,0.1236511693469701,191.15894,196.87657
176,2017-12-15,0.310325858597272,0.09883721885380331,0.12796529364530326,191.15894,196.87657
177,2017-12-18,0.285699432968885,0.0797778657441538,0.11251731359316106,191.15894,196.87657
178,2017-12-20,0.34474732757364723,0.0968996503632934,0.1361658569027858,191.15894,196.87657
179,2017-12-21,0.2922603408457998,0.07964292121541494,0.11439237484104553,191.15894,196.87657
180,2017-12-24,0.31729228470213106,0.08542518641965008,0.12324111382757436,191.15894,196.87657
181,2017-12-26,0.3844577605711584,0.10058458600724307,0.14827525387061163,191.15894,196.87657
182,2017-12-27,0.30254231045184804,0.08878572607538526,0.12141184056353352,191.15894,196.87657
183,2017-12-30,0.34047650106508964,0.0861834678992367,0.1299067481359122,191.15894,196.87657
184,2018-01-01,0.2894885507706368,0.09367307761729576,0.12096792082210756,190.61101,196.87657
185,2018-01-02,0.28087982495381675,0.07560522807839487,0.10910620004901708,190.61101,196.87657
186,2018-01-05,0.3440156382912254,0.10283805313915101,0.13907584189046682,190.61101,196.87657
187,2018-01-07,0.30520077124832196,0.0919558334052924,0.1234495953669279,190.61101,196.87657
188,2018-01-08,0.2691085216781941,0.07493795468696185,0.1057542365965814,190.61101,196.87657
189,2018-01-10,0.3226771815010264,0.09267797654574744,0.12835665863697665,190.61101,196.87657
190,2018-01-11,0.3131755375372979,0.1001848797791845,0.13030998275497507,190.61101,196.87657
191,2018-01-13,0.3378506086497199,0.09184399395846732,0.13161069854673488,190.61101,196.87657
192,2018-01-14,0.30638365007932666,0.07984934523022441,0.11798194528433026,190.61101,196.87657
193,2018-01-16,0.30830196756020484,0.07799203446584851,0.11744882271689755,190.61101,196.87657
194,2018-01-17,0.3387327970334791,0.08456756222648881,0.12843714839638687,190.61101,196.87657
195,2018-01-19,0.2971220812154129,0.0821226240057496,0.11687643773504244,190.61101,196.87657
196,2018-01-20,0.35479047507327627,0.09679056104767408,0.13860621204725074,190.61101,196.87657
197,2018-01-22,0.322421213041955,0.09009583856858311,0.12739965262439523,190.61101,196.87657
198,2018-01-23,0.3451801002217057,0.0936009494443878,0.13506306567064158,190.61101,196.87657
199,2018-01-25,0.27909870307628865,0.08939904534791687,0.11577864231411292,190.61101,196.87657
200,2018-01-26,0.3574707836377675,0.09688425307586712,0.1391839425119099,190.61101,196.87657
201,2018-01-29,0.3600665735666093,0.10230492345599912,0.14307542403971893,190.61101,196.87657
202,2018-01-31,0.31851898549204893,0.09541434801206233,0.12906062526541648,190.61101,196.87657
203,2018-02-01,0.30545464683871937,0.09066564399346144,0.12305666047061206,190.61101,196.87657
204,2018-02-04,0.3887892307739141,0.13277624822381678,0.16631480797659542,190.61101,196.87657
205,2018-02-07,0.29726994934374834,0.09301616111651567,0.12194375042197922,190.61101,196.87657
206,2018-02-10,0.3273542962114072,0.11320198771015966,0.140035207853806,190.61101,196.87657
207,2018-02-12,0.26574663186407765,0.09051438598001899,0.1136045989073145,190.61101,196.87657
208,2018-02-13,0.29020269651719616,0.08426653715425025,0.11637156303660173,190.61101,196.87657
209,2018-02-16,0.34161582631341314,0.10691062506002164,0.1407206119229803,190.61101,196.87657
210,2018-02-18,0.3159833526946774,0.07767985390132404,0.11939941993179382,190.61101,196.87657
211,2018-02-19,0.3033479854311168,0.092124813859497,0.12337824321241925,190.61101,196.87657
212,2018-02-20,0.34478154124994187,0.08313836538270014,0.1291534659870755,190.61101,196.87657
213,2018-02-22,0.3459066976780612,0.10799021136031672,0.14231691883515096,190.61101,196.87657
214,2018-02-24,0.3520312210652854,0.105318582334324,0.14257781431613958,190.61101,196.87657
215,2018-02-25,0.3709953930429491,0.09931327719324284,0.14377482391871485,190.61101,196.87657
216,2018-02-28,0.3098044096331836,0.09625905471122326,0.12708669550659948,190.61101,196.87657
217,2018-03-02,0.3473828250892317,0.07977266960119983,0.12833220509134724,190.61101,196.87657
218,2018-03-03,0.3251685057427599,0.0840916151416426,0.12464415142157698,190.61101,196.87657
219,2018-03-04,0.3222312804279388,0.07303228454701743,0.1178340072592085,190.61101,196.87657
220,2018-03-06,0.36091080945810095,0.0973582728794215,0.14075836283902934,190.61101,196.87657
221,2018-03-08,0.24477527883905587,0.07281865242398206,0.09884292671520817,190.61101,196.87657
222,2018-03-09,0.2819886235547615,0.07133304591725409,0.10690960332349009,190.61101,196.87657
223,2018-03-12,0.3611270797397062,0.11328912014546966,0.14888274787970687,190.61101,196.87657
224,2018-03-14,0.30294678432940936,0.07993381017563256,0.1174483539114661,190.61101,196.87657
225,2018-03-15,0.276572052834138,0.07712841025462475,0.108881986707934,190.61101,196.87657
226,2018-03-16,0.31250961317831544,0.09327945920975206,0.1268141746791849,190.61101,196.87657
227,2018-03-21,0.34061121584552617,0.10245996940421198,0.13857832828865913,190.61101,196.87657
228,2018-03-24,0.33813560036413326,0.09040164770044518,0.13106157903184495,190.61101,196.87657
229,2018-03-27,0.29106082599076377,0.07315179021764856,0.11076995851717236,190.61101,196.87657
230,2018-04-02,0.32301994694086794,0.08437760415891393,0.12461446673166846,190.61101,196.87657
231,2018-04-05,0.37342688266169904,0.10237769435520772,0.14649177608705793,190.61101,196.87657
232,2018-04-07,0.2697443894786537,0.07451339486129899,0.10572882538981662,190.61101,196.87657
233,2018-04-08,0.35173939023290685,0.0912710801389296,0.135197411740945,190.61101,196.87657
234,2018-04-11,0.32009508890744337,0.09196654953103689,0.12754205760088658,190.61101,196.87657
235,2018-05-01,0.28279125257096926,0.08905971172396826,0.1167616429376033,190.61101,196.87657
236,2018-05-05,0.3690260322062753,0.09456564728367367,0.14108700169071497,190.61101,196.87657
237,2018-05-11,0.396026952594072,0.15976631196788166,0.1814796556590411,190.61101,196.87657
238,2018-05-13,0.4018204107937714,0.15239662187511893,0.17927686300350754,190.61101,196.87657
239,2018-05-17,0.3840139052569148,0.1713516010324887,0.1845903515584493,190.61101,196.87657
240,2018-05-20,0.351946094258992,0.11743754018574087,0.14874380306740623,190.61101,196.87657
241,2018-05-23,0.3711131746711963,0.11708586161981577,0.15319250630142245,190.61101,196.87657
242,2018-05-25,0.35449219481020955,0.11698475097563998,0.14828814362673645,190.61101,196.87657
243,2018-05-26,0.3002690547550313,0.09919412554582863,0.1258254606534834,190.61101,196.87657
244,2018-05-29,0.36093868663238154,0.09596108673853021,0.13971925192661092,190.61101,196.87657
245,2018-05-31,0.3692695098315222,0.11338555107477899,0.15077138494319883,190.61101,196.87657
246,2018-06-01,0.3562259686005542,0.10824240829075188,0.14518989606675173,190.61101,196.87657
247,2018-06-04,0.39217866745496766,0.10439112887927726,0.1519471519098542,190.61101,196.87657
248,2018-06-06,0.4199275977734371,0.12705738065016386,0.1705568987410144,190.61101,196.87657
249,2018-06-07,0.41447692150065896,0.12265612315379071,0.16698720515163612,190.61101,196.87657
250,2018-06-10,0.47589299746244457,0.12886920086304848,0.18566336949197493,190.61101,196.87657
251,2018-06-12,0.4539605620705076,0.1202908760605016,0.17558434174290732,190.61101,196.87657
252,2018-06-13,0.42182730549182534,0.11079039153999037,0.16270228996795744,190.61101,196.87657
253,2018-06-16,0.4290305627940929,0.10679418198917667,0.16218634479650262,190.61101,196.87657
254,2018-06-18,0.4214757888763307,0.10198835105081633,0.15829698502751993,190.61101,196.87657
255,2018-06-22,0.35660131279107854,0.09814877997230559,0.13962316944035366,190.61101,196.87657
256,2018-06-24,0.398268448595779,0.0997089986920599,0.15156557066402102,190.61101,196.87657
257,2018-06-25,0.3589704681923236,0.09195417579559889,0.13747384963444437,190.61101,196.87657
258,2018-06-28,0.350726931171869,0.08251574334002931,0.1304268333495504,190.61101,196.87657
259,2018-07-01,0.3449761688599173,0.08466716604374258,0.13019868964993728,190.61101,196.87657
260,2018-07-04,0.3512486450062574,0.08519721729011998,0.13177448489668903,190.61101,196.87657
261,2018-07-06,0.38025766110859194,0.1013953351055405,0.14782402558726965,190.61101,196.87657
262,2018-07-07,0.3893804641461898,0.09402349256714787,0.14639531005725367,190.61101,196.87657
263,2018-07-13,0.41308700323801306,0.09182590241051347,0.15130149516148395,190.61101,196.87657
264,2018-07-16,0.3644808124356758,0.08872552827456703,0.13664424412986967,190.61101,196.87657
265,2018-07-18,0.37738090936453783,0.10149943317924232,0.1467842811467429,190.61101,196.87657
266,2018-07-19,0.3569773213951411,0.0885990999272171,0.13519085162772848,190.61101,196.87657
267,2018-07-22,0.3288801256154443,0.08888936230400796,0.12810877424829972,190.61101,196.87657
268,2018-07-24,0.303803091041536,0.07652779462404985,0.11590233174970305,190.61101,196.87657
269,2018-07-25,0.27577147242207956,0.06399194663739544,0.10200723031670933,190.61101,196.87657
270,2018-07-28,0.3248187059962944,0.07291335497287599,0.11882589752924516,190.61101,196.87657
271,2018-07-31,0.30572838727526513,0.088284368026957,0.12221306049766664,190.61101,196.87657
272,2018-08-03,0.3214799332605284,0.07414204449531342,0.11813686402480603,190.61101,196.87657
273,2018-08-05,0.385454582442907,0.08427683023248078,0.1404158461053215,190.61101,196.87657
274,2018-08-06,0.36894429366104126,0.0774916714180513,0.13256786748986013,190.61101,196.87657
275,2018-08-09,0.3005151954244862,0.07299496223345187,0.11246048717861934,190.61101,196.87657
276,2018-08-12,0.33712563041250765,0.07930580555878902,0.12563749006853872,190.61101,196.87657
277,2018-08-15,0.26957435276457564,0.06451596728233433,0.10107142689018031,190.61101,196.87657
278,2018-08-17,0.25513302671466603,0.06188075644159524,0.09587038629658554,190.61101,196.87657
279,2018-08-18,0.23594572622581478,0.05441211786820355,0.08730032910869506,190.61101,196.87657
280,2018-08-21,0.2916439335900476,0.07594973572744923,0.11231456078044874,190.61101,196.87657
281,2018-08-23,0.26129414302055665,0.06671162949614456,0.09990276880453386,190.61101,196.87657
282,2018-08-24,0.2161984015106436,0.05527501444315194,0.08260836362350893,190.61101,196.87657
283,2018-08-27,0.27333643960549237,0.07350228762967792,0.10632515392373537,190.61101,196.87657
284,2018-08-29,0.2583262021447583,0.07678374676197591,0.10410427267966862,190.61101,196.87657
285,2018-08-30,0.24125355262391207,0.06801851928157454,0.09543109524699467,190.61101,196.87657
286,2018-09-02,0.28654910403504047,0.06814666047853468,0.1072030106661378,190.61101,196.87657
287,2018-09-04,0.261908504094593,0.059760273226669325,0.09632344842044596,190.61101,196.87657
288,2018-09-05,0.3074158410676226,0.07345246768500358,0.11531742646673185,190.61101,196.87657
289,2018-09-08,0.3454900449117248,0.08555914533748249,0.1312041760152825,190.61101,196.87657
290,2018-09-10,0.30080268148964423,0.07967011200506385,0.11642194441663675,190.61101,196.87657
291,2018-09-11,0.33656809436422713,0.08550273335658048,0.12909537011367125,190.61101,196.87657
292,2018-09-16,0.3426939081839712,0.08721019496969123,0.13072646020131568,190.61101,196.87657
293,2018-09-20,0.24230610993645144,0.06356268604072599,0.09348618590211477,190.61101,196.87657
294,2018-10-08,0.340096820031853,0.0923883442962734,0.13298547446422812,190.61101,196.87657
295,2018-10-14,0.3347043079597283,0.0873503383876989,0.12927467118089372,190.61101,196.87657
296,2018-10-17,0.3328048876026907,0.08312400940614023,0.12570624693565557,190.61101,196.87657
297,2018-10-26,0.33532966070760334,0.10574716718917887,0.13875908551420468,190.61101,196.87657
298,2018-10-29,0.24274511187259312,0.08916924770427997,0.10752476220396537,190.61101,196.87657
299,2018-11-01,0.2734728160103068,0.10255336744681975,0.12171998076798543,190.61101,196.87657
300,2018-11-10,0.3074003829599159,0.07305025812185234,0.11425740436262785,190.61101,196.87657
301,2018-11-13,0.30227067268396957,0.09870225836786473,0.1264572749337889,190.61101,196.87657
302,2018-11-22,0.3127672740724656,0.08360555923561508,0.12177456417483226,190.61101,196.87657
303,2018-11-25,0.38137692879159735,0.10408785186810798,0.1490641945419056,190.61101,196.87657
304,2018-12-04,0.24837659249446245,0.06969188078711588,0.09799159954237174,190.61101,196.87657
305,2018-12-07,0.3463675886821605,0.10577991270835235,0.1410706939752016,190.61101,196.87657
306,2018-12-13,0.31360319829021405,0.09383852688412503,0.12709097337761444,190.61101,196.87657
307,2018-12-16,0.29195543416826436,0.07064918775490986,0.10939586709588264,190.61101,196.87657
308,2018-12-28,0.2804807355644027,0.09292891604466252,0.11773496225513103,190.61101,196.87657
309,2019-01-08,0.3274974619335037,0.10080233816384204,0.13417098845275274,188.6957,196.87657
310,2019-01-09,0.2581177259435194,0.07754279316707774,0.10499969933307651,188.6957,196.87657
311,2019-01-11,0.32889784402355937,0.09855443408243447,0.1334880771415361,188.6957,196.87657
312,2019-01-12,0.3730906510047232,0.1181620931095323,0.15380241032268083,188.6957,196.87657
313,2019-01-14,0.3043666997486234,0.08761279268726929,0.12126775834463399,188.6957,196.87657
314,2019-01-15,0.2673739576458062,0.08448327220615293,0.11057842852977293,188.6957,196.87657
315,2019-01-17,0.35269049850678047,0.10301713734419349,0.14193981658891278,188.6957,196.87657
316,2019-01-18,0.36379166164490784,0.0941635798250377,0.1396605276502541,188.6957,196.87657
317,2019-01-30,0.3245824804780324,0.11025159914303384,0.13840221374419204,188.6957,196.87657
318,2019-02-17,0.33936879359628724,0.08891999285800462,0.13055457940003165,188.6957,196.87657
319,2019-02-23,0.3323134558703948,0.08006193930556027,0.12443874683393286,188.6957,196.87657
320,2019-03-01,0.343156262718029,0.08350553746972617,0.1294910881517717,188.6957,196.87657
321,2019-03-07,0.33716271563410216,0.07914899082252974,0.1252953446583246,188.6957,196.87657
322,2019-03-13,0.3292518710683236,0.07992937052167864,0.12351339380103463,188.6957,196.87657
323,2019-03-19,0.3451629680076514,0.10341367157044784,0.13973435957894015,188.6957,196.87657
324,2019-03-25,0.3455650752554406,0.09907315584811482,0.13829319793974224,188.6957,196.87657
325,2019-04-12,0.33666501261842297,0.11388748839244073,0.14238978303784283,188.6957,196.87657
326,2019-04-18,0.2974150075507295,0.09521772493561759,0.12366760116876743,188.6957,196.87657
327,2019-04-24,0.37153854861794383,0.15208835380655267,0.17116670142398283,188.6957,196.87657
328,2019-04-30,0.4341292303115632,0.197267625876341,0.21007003625261736,188.6957,196.87657
329,2019-05-06,0.39610783882695944,0.13583790990637046,0.16908037045450952,188.6957,196.87657
330,2019-05-09,0.3820025627849213,0.11037872107096608,0.1526160872181229,188.6957,196.87657
331,2019-05-12,0.41006718401595843,0.1155291325033001,0.16232742568334738,188.6957,196.87657
332,2019-05-14,0.3905780581558728,0.09388133818229422,0.14614092179653423,188.6957,196.87657
333,2019-05-18,0.4177389992738194,0.1100274359054274,0.1609876749103361,188.6957,196.87657
334,2019-05-20,0.41371468263044303,0.10075733710990914,0.1558044486822847,188.6957,196.87657
335,2019-05-21,0.44886980005048577,0.10869656958545665,0.1686976930588781,188.6957,196.87657
336,2019-05-24,0.40193046214767064,0.10228104221607709,0.15322269206354677,188.6957,196.87657
337,2019-05-27,0.4419486307124769,0.11802811398837931,0.17187055247639166,188.6957,196.87657
338,2019-06-02,0.3948133792835418,0.08909985592483965,0.1450789851641568,188.6957,196.87657
339,2019-06-05,0.3880201504017194,0.09474935654233396,0.14569727421183556,188.6957,196.87657
340,2019-06-07,0.39868622872517645,0.08988202240592391,0.1466242036473232,188.6957,196.87657
341,2019-06-08,0.36959880061067013,0.09439140468771434,0.1414773814600071,188.6957,196.87657
342,2019-06-11,0.3928484328016249,0.0876693074838602,0.14317569352597137,188.6957,196.87657
343,2019-06-14,0.42621098427266524,0.09443183798636368,0.15595591696357847,188.6957,196.87657
344,2019-06-17,0.3364283087460332,0.09379575448279465,0.1321163031160259,188.6957,196.87657
345,2019-06-19,0.408709434788978,0.09404595214729322,0.15171667680207784,188.6957,196.87657
346,2019-06-20,0.378587028295552,0.09226467894285456,0.1427236687091748,188.6957,196.87657
347,2019-06-23,0.327786423166842,0.0814289892290645,0.12374271032725379,188.6957,196.87657
348,2019-06-26,0.2926504933893446,0.06577431121181049,0.10757499785776864,188.6957,196.87657
349,2019-06-29,0.30887984676362373,0.08079639809719652,0.11873966380050471,188.6957,196.87657
350,2019-07-01,0.37611315114558674,0.08496630694775381,0.13843009486332286,188.6957,196.87657
351,2019-07-02,0.36117550529877035,0.0886982092089102,0.13688123472345806,188.6957,196.87657
352,2019-07-05,0.30606414765529455,0.07612401066178942,0.11556537369322756,188.6957,196.87657
353,2019-07-08,0.3939201824809068,0.08274968586152953,0.14173584782978588,188.6957,196.87657
354,2019-07-11,0.28907983719529234,0.0661000556567175,0.10612778980584037,188.6957,196.87657
355,2019-07-13,0.35268032012575373,0.09203023215915468,0.1363833663980204,188.6957,196.87657
356,2019-07-14,0.3497787246341444,0.08327046474177302,0.13128271644346748,188.6957,196.87657
357,2019-07-17,0.2809433845127411,0.06438273134564543,0.10319524709454117,188.6957,196.87657
358,2019-07-20,0.3272839483272319,0.072609801082963,0.11998927875436202,188.6957,196.87657
359,2019-07-23,0.2600806025825669,0.05942144312173764,0.0953436891967823,188.6957,196.87657
360,2019-07-25,0.28641098559776446,0.08062631762053096,0.11373977899810381,188.6957,196.87657
361,2019-07-26,0.31121925535212114,0.07664613381456825,0.11786967073589538,188.6957,196.87657
362,2019-07-29,0.2627895639054952,0.06062473337532198,0.09684989691515763,188.6957,196.87657
363,2019-08-01,0.30889804162929746,0.06904342577905442,0.1134726834303457,188.6957,196.87657
364,2019-08-04,0.2595594399291258,0.058090392534840773,0.09441770934282154,188.6957,196.87657
365,2019-08-06,0.2935023231499044,0.06537318164734923,0.1075364115598138,188.6957,196.87657
366,2019-08-07,0.27011978117455054,0.06234467579473246,0.09996985918567275,188.6957,196.87657
367,2019-08-10,0.2389082069767955,0.07926728704833846,0.10019370208081174,188.6957,196.87657
368,2019-08-13,0.2852343845317791,0.06495587587659785,0.10519931824155004,188.6957,196.87657
369,2019-08-16,0.28239234977725525,0.08406852426201444,0.1140198358965279,188.6957,196.87657
370,2019-08-18,0.25668872616280436,0.06435990119318358,0.09741152845975273,188.6957,196.87657
371,2019-08-19,0.2497043169791266,0.0601011434760611,0.09359778863268525,188.6957,196.87657
372,2019-08-22,0.283674061593974,0.07534536208704151,0.10989393739395145,188.6957,196.87657
373,2019-08-25,0.2254309101309138,0.056179830943909076,0.0857384598549808,188.6957,196.87657
374,2019-08-28,0.2576890466338284,0.07088098274940113,0.10105662744811161,188.6957,196.87657
375,2019-08-30,0.26171979003831713,0.061302927527911,0.09709948953022002,188.6957,196.87657
376,2019-08-31,0.30559561598534596,0.07126637892492399,0.11346995517098579,188.6957,196.87657
377,2019-09-03,0.28904207598474546,0.07180313990277287,0.1093940682711726,188.6957,196.87657
378,2019-09-09,0.2959818860197132,0.0931518422296651,0.1222593420639615,188.6957,196.87657
379,2019-09-11,0.251296974550559,0.07516264168645609,0.10154558035857691,188.6957,196.87657
380,2019-09-12,0.29553099782230324,0.08525662240959375,0.11848845807943512,188.6957,196.87657
381,2019-09-15,0.22730023719491077,0.0633439570153394,0.08959606194510925,188.6957,196.87657
382,2019-09-18,0.307775851764525,0.07399912178811252,0.11519146354808055,188.6957,196.87657
383,2019-09-21,0.23227677462527177,0.07665125137036724,0.09769492392647794,188.6957,196.87657
384,2019-09-23,0.261606788906661,0.08215234317733278,0.1077506454818663,188.6957,196.87657
385,2019-09-24,0.2735995535265647,0.08324677582705942,0.11152604862443924,188.6957,196.87657
386,2019-09-27,0.3897233681580395,0.10242608683474563,0.15160798751845378,188.6957,196.87657
387,2019-09-29,0.31840621043599676,0.07684338583488476,0.11946839982643462,188.6957,196.87657
388,2019-10-03,0.34171206472850535,0.11030810864148127,0.14345399887477286,188.6957,196.87657
389,2019-10-12,0.34838650193034715,0.10670116989766149,0.1416843603689225,188.6957,196.87657
390,2019-10-15,0.2940836867953248,0.10332403223564773,0.12714764890035854,188.6957,196.87657
391,2019-10-17,0.29513712898558764,0.09848998844459605,0.12449808075858604,188.6957,196.87657
392,2019-10-18,0.3009969155927515,0.09091560335104398,0.12168734434227926,188.6957,196.87657
393,2019-10-24,0.2910411438249985,0.07952321617192099,0.11362721310720633,188.6957,196.87657
394,2019-10-27,0.30358759205435865,0.07250698536418504,0.11335604186341067,188.6957,196.87657
395,2019-10-29,0.3350089081859506,0.07315589526833599,0.12109974665314296,188.6957,196.87657
396,2019-10-30,0.27765269291868383,0.06365973348537318,0.10236057326612027,188.6957,196.87657
397,2019-11-02,0.3263468008913307,0.08022801250155276,0.12301749445503687,188.6957,196.87657
398,2019-11-05,0.32166993438718755,0.08593831787044437,0.12506957779570305,188.6957,196.87657
399,2019-11-08,0.3202781797442727,0.09919855883367645,0.1312873589202374,188.6957,196.87657
400,2019-11-10,0.24198229453685763,0.08450426168473887,0.10392641844831335,188.6957,196.87657
401,2019-11-11,0.29823941025808137,0.0915185873679028,0.12142525470979004,188.6957,196.87657
402,2019-11-14,0.2909107267600745,0.09439411167225836,0.12171160984146287,188.6957,196.87657
403,2019-11-17,0.28705444991825585,0.08311528654230543,0.11447969778638914,188.6957,196.87657
404,2019-11-20,0.30774409866967284,0.10813288503967439,0.13281681851530172,188.6957,196.87657
405,2019-11-22,0.28872701375263393,0.0814341734002536,0.113965023326762,188.6957,196.87657
406,2019-11-26,0.30365980938406706,0.08446223405359393,0.11969927245174786,188.6957,196.87657
407,2019-11-29,0.28169929513522113,0.08533449290977169,0.11402461188338514,188.6957,196.87657
408,2019-12-02,0.3103142576823892,0.10653041617658743,0.13262930322940697,188.6957,196.87657
409,2019-12-04,0.28043212872596834,0.09227406874623895,0.1172029265037097,188.6957,196.87657
410,2019-12-08,0.3008962552209729,0.11001274219041568,0.13151304603007216,188.6957,196.87657
411,2019-12-11,0.332172311549049,0.1106504133387683,0.1403742181631787,188.6957,196.87657
412,2019-12-14,0.3081337389266866,0.10039946954224416,0.12868498920413132,188.6957,196.87657
413,2019-12-16,0.34038835697423253,0.09751219087212293,0.13528536907994665,188.6957,196.87657
414,2019-12-17,0.2868963107707267,0.07141158400254999,0.1088731750361103,188.6957,196.87657
415,2019-12-20,0.3343621114922496,0.07965722058278035,0.12477660798237397,188.6957,196.87657
416,2019-12-23,0.3424867926980547,0.07326552495530153,0.12343695890059106,188.6957,196.87657
417,2019-12-26,0.3145615201471694,0.08556203560704628,0.12304071148294488,188.6957,196.87657
418,2019-12-28,0.27859501532485426,0.08549322933171283,0.11341859993379214,188.6957,196.87657
419,2019-12-29,0.26031332916782113,0.07599520432412815,0.10433771211208315,188.6957,196.87657
420,2019-12-31,0.3169101552957092,0.09900103227221696,0.13115237050093936,188.6957,196.87657
421,2020-01-01,0.32101299972984043,0.11190287459379611,0.13807250697310042,186.78033,196.87657
422,2020-01-07,0.3635022263233263,0.10191363900657635,0.14373716682673285,186.78033,196.87657
423,2020-01-13,0.31257596493195305,0.08067129073725843,0.1200386239418127,186.78033,196.87657
424,2020-01-19,0.30157052381430133,0.08600108438474835,0.12013172335262426,186.78033,196.87657
425,2020-01-25,0.3181229110091424,0.09738622721096318,0.12978849245854107,186.78033,196.87657
426,2020-01-31,0.3816425407412944,0.09123277498734811,0.14320721504886774,186.78033,196.87657
427,2020-02-06,0.3143533336525239,0.0857925354768338,0.12287566899092187,186.78033,196.87657
428,2020-02-08,0.3009853140460233,0.0902468665124524,0.12136024671043605,186.78033,196.87657
429,2020-02-09,0.29492601632441656,0.08893733188317599,0.119593849988301,186.78033,196.87657
430,2020-02-10,0.28257434107427065,0.07802638755090652,0.11114169780430241,186.78033,196.87657
431,2020-02-12,0.3180143638480396,0.10010037847964626,0.1311815049360808,186.78033,196.87657
432,2020-02-14,0.2839406585984386,0.07647180128287567,0.11034998726434697,186.78033,196.87657
433,2020-02-15,0.2858198677414588,0.0739753496710846,0.10968018064832136,186.78033,196.87657
434,2020-02-18,0.31732746776572673,0.08072798979729962,0.12128690097131298,186.78033,196.87657
435,2020-02-24,0.3284399630428942,0.07385215623910707,0.12019024346850565,186.78033,196.87657
436,2020-03-01,0.3404336984298842,0.07764972334849024,0.12510188334186761,186.78033,196.87657
437,2020-03-07,0.2776535174539641,0.06794898911023345,0.10490262867039898,186.78033,196.87657
438,2020-03-13,0.3312076912520036,0.11574582259147292,0.14230404424551163,186.78033,196.87657
439,2020-03-19,0.3600219141269815,0.14118402974848487,0.16285678583109978,186.78033,196.87657
440,2020-03-25,0.3283873959914656,0.12610248811645763,0.147492340138425,186.78033,196.87657
441,2020-03-31,0.29370410294017596,0.08769639469599794,0.11858705488617141,186.78033,196.87657
442,2020-04-06,0.33501019225261297,0.14484168500046685,0.15862985434509552,186.78033,196.87657
443,2020-04-12,0.365440826229889,0.12664305235940443,0.15693446421209037,186.78033,196.87657
444,2020-04-18,0.35131437748119293,0.12941182548094948,0.1541799230194091,186.78033,196.87657
445,2020-04-24,0.3836022740243653,0.13790353812874978,0.16711006501668732,186.78033,196.87657
446,2020-04-30,0.35399019633402307,0.1118279338614716,0.14663764024051826,186.78033,196.87657
447,2020-05-06,0.3239657192231319,0.08824799536795613,0.12678819687295426,186.78033,196.87657
448,2020-05-12,0.3771875493712165,0.11617085562051671,0.15437899184698287,186.78033,196.87657
449,2020-05-18,0.411176007828875,0.10847062659439499,0.15889136005901383,186.78033,196.87657
450,2020-05-24,0.4056364864880886,0.09348120333020354,0.15017911620809116,186.78033,196.87657
451,2020-05-30,0.37785624868164946,0.09383776935281457,0.1425529947675251,186.78033,196.87657
452,2020-06-05,0.41986682703942346,0.10402695698394926,0.1585328652980027,186.78033,196.87657
453,2020-06-11,0.3508072526535367,0.07947013498120381,0.12860165729385759,186.78033,196.87657
454,2020-06-17,0.3602213506528556,0.10059338328769563,0.1421089571860899,186.78033,196.87657
455,2020-06-23,0.38360588082968206,0.09887999362888089,0.14673063110926077,186.78033,196.87657
456,2020-06-25,0.4560223185475661,0.10299154268958838,0.1677111187874059,186.78033,196.87657
457,2020-06-26,0.4411239978814639,0.09944626185905064,0.16234712675305463,186.78033,196.87657
458,2020-06-29,0.34083124397899084,0.07929026847082082,0.12610716974525313,186.78033,196.87657
459,2020-07-02,0.35425941533358235,0.08197549848029823,0.1314696322264843,186.78033,196.87657
460,2020-07-05,0.3158890810298508,0.08196320943368246,0.12127005417581802,186.78033,196.87657
461,2020-07-07,0.3393916839748868,0.07721717214508284,0.1252117412153873,186.78033,196.87657
462,2020-07-08,0.3381027608921969,0.08265325784161215,0.12779007361600164,186.78033,196.87657
463,2020-07-11,0.2844656661287481,0.0691157953471303,0.1069773246977346,186.78033,196.87657
464,2020-07-14,0.3509875571253021,0.08130714909288572,0.13018199229011174,186.78033,196.87657
465,2020-07-17,0.2564332040890476,0.07546866057239471,0.10295746850164791,186.78033,196.87657
466,2020-07-19,0.33069893101339987,0.08107732165559067,0.1251756460366408,186.78033,196.87657
467,2020-07-20,0.3096118162346665,0.07868809754499945,0.11884311693828156,186.78033,196.87657
468,2020-07-23,0.28186303436968607,0.07727206871793457,0.1102982391239336,186.78033,196.87657
469,2020-07-26,0.310284715973802,0.09078237014051499,0.12468170835013997,186.78033,196.87657
470,2020-07-31,0.267061255276969,0.06577795736068592,0.10095734666993281,186.78033,196.87657
471,2020-08-01,0.2603559103340921,0.05832405779058941,0.09565648036961738,186.78033,196.87657
472,2020-08-07,0.24029197815932737,0.057929455104684585,0.090258254545554,186.78033,196.87657
473,2020-08-12,0.26721851585857587,0.06368980956522158,0.10029538623765596,186.78033,196.87657
474,2020-08-13,0.28193761202896334,0.0707817264073714,0.10745840654939673,186.78033,196.87657
475,2020-08-16,0.31077284431350993,0.08327572870126765,0.12046017098199657,186.78033,196.87657
476,2020-08-19,0.36407216888885857,0.08297460887260377,0.13448559643712593,186.78033,196.87657
477,2020-08-22,0.297182038781244,0.07171117641228975,0.1109137530434414,186.78033,196.87657
478,2020-08-24,0.32836351575854145,0.0735917718922584,0.12001188583565206,186.78033,196.87657
479,2020-08-25,0.3451024321901563,0.0751380982410737,0.12527969701611477,186.78033,196.87657
480,2020-08-28,0.29758531165203383,0.07163939086040283,0.11169163963267689,186.78033,196.87657
481,2020-08-31,0.289122848254558,0.07043473201933897,0.1090061591242899,186.78033,196.87657
482,2020-09-03,0.27725849763377347,0.07178661671773312,0.10664402594609967,186.78033,196.87657
483,2020-09-05,0.2409736434064403,0.062255894807506346,0.09231681717075718,186.78033,196.87657
484,2020-09-06,0.23280235565957874,0.06290134360969513,0.09065885057375495,186.78033,196.87657
485,2020-09-09,0.2715535732405517,0.07545852993398167,0.10739029969014058,186.78033,196.87657
486,2020-09-12,0.22862880543390998,0.06887332523265036,0.09286553450557763,186.78033,196.87657
487,2020-09-15,0.24994462342005405,0.0761389526717686,0.10186490389379477,186.78033,196.87657
488,2020-09-17,0.271310029290105,0.07398925558553715,0.10642253936027732,186.78033,196.87657
489,2020-09-18,0.28566974690257774,0.07827177887765036,0.11206485969145102,186.78033,196.87657
490,2020-09-21,0.26262629364591755,0.0954434630436869,0.11510794842951752,186.78033,196.87657
491,2020-09-27,0.2565929771837862,0.08310863723445205,0.10754858586133229,186.78033,196.87657
492,2020-10-03,0.26401563497518965,0.09938565820146628,0.11782414556588194,186.78033,196.87657
493,2020-10-11,0.2674147137248,0.10292208897743821,0.11970369873377609,186.78033,196.87657
494,2020-10-12,0.28204967699529215,0.10145910034815503,0.12278100566536948,186.78033,196.87657
495,2020-10-15,0.29801252955481633,0.10466643004690335,0.1286315862440451,186.78033,196.87657
496,2020-10-21,0.33767885467830855,0.0991274610598703,0.13596122747761696,186.78033,196.87657
497,2020-10-23,0.2918450336885438,0.09658558090478658,0.12213522935086338,186.78033,196.87657
498,2020-10-24,0.27960483886026793,0.08264958985664822,0.1122630251645586,186.78033,196.87657
499,2020-10-30,0.25307049389347624,0.08988189745167946,0.10927939160651279,186.78033,196.87657
500,2020-11-02,0.3155833501307112,0.11623239911208272,0.13899323030224606,186.78033,196.87657
501,2020-11-04,0.2485280344922797,0.10418242656429408,0.11534644573932656,186.78033,196.87657
502,2020-11-05,0.29728384763021953,0.10796804027968104,0.13033460991509738,186.78033,196.87657
503,2020-11-08,0.3180928362877246,0.12206385879472231,0.14276733856482757,186.78033,196.87657
504,2020-11-16,0.2576454901444453,0.07527816493887896,0.10301968679248727,186.78033,196.87657
505,2020-11-23,0.3124597097799684,0.1009490989608498,0.13010685877126069,186.78033,196.87657
506,2020-11-26,0.32429550562771037,0.10399717017261534,0.13500386377421994,186.78033,196.87657
507,2020-11-28,0.29452505672008994,0.10320678581680681,0.1263705387310816,186.78033,196.87657
508,2020-11-29,0.32895188373260187,0.10838925965198803,0.1383307391632304,186.78033,196.87657
509,2020-12-02,0.3416508970989374,0.10459523441483859,0.14008379414270217,186.78033,196.87657
510,2020-12-05,0.3159293208239016,0.09730195959479493,0.12916846857560071,186.78033,196.87657
511,2020-12-08,0.3124132267508346,0.08656443451308243,0.12288555357956393,186.78033,196.87657
512,2020-12-10,0.288650010525241,0.08360774795156772,0.11562533930258315,186.78033,196.87657
513,2020-12-11,0.3204852856475652,0.0828710553933164,0.12259534901904781,186.78033,196.87657
514,2020-12-13,0.2892976023437943,0.08481175486149872,0.11604554958169241,186.78033,196.87657
515,2020-12-14,0.32454952407106147,0.0858905088287687,0.12573446608828412,186.78033,196.87657
516,2020-12-17,0.3061836954415173,0.0878696518828474,0.12175824496138873,186.78033,196.87657
517,2020-12-19,0.3597400975552532,0.10915156423598005,0.14665044191281446,186.78033,196.87657
518,2020-12-20,0.3260265421738783,0.10355713004062417,0.13534436627681629,186.78033,196.87657
519,2020-12-22,0.34047583550438476,0.15872610840302542,0.1664453443909772,186.78033,196.87657
520,2020-12-23,0.2628576432565072,0.10312609657407945,0.11819136326070884,186.78033,196.87657
521,2020-12-24,0.2998454003155312,0.11709630326895576,0.1354154424893867,186.78033,196.87657
522,2021-01-03,0.33417032238307676,0.1549081440944206,0.1631195794045374,184.865,196.87657
523,2021-01-07,0.33611344251663583,0.09368639488922159,0.13253087725363155,184.865,196.87657
524,2021-01-08,0.3104521142578657,0.10156874990397974,0.12994220417256153,184.865,196.87657
525,2021-01-13,0.32424108744411845,0.08778057849033816,0.12633424055830478,184.865,196.87657
526,2021-01-14,0.31575457486536745,0.08462065144252823,0.1228907502606531,184.865,196.87657
527,2021-01-15,0.2907002239330588,0.08319150542588127,0.11556429303794669,184.865,196.87657
528,2021-01-16,0.30443458588408134,0.08169406931312334,0.11906351398702406,184.865,196.87657
529,2021-01-19,0.3312865773383034,0.07946367860520442,0.12444636804888001,184.865,196.87657
530,2021-01-25,0.34385829501681653,0.08136388920624221,0.12787645983130627,184.865,196.87657
531,2021-01-27,0.30388150988958185,0.0790313575986431,0.11617738654183682,184.865,196.87657
532,2021-01-28,0.3035674457219431,0.081124696172583,0.11775325221377497,184.865,196.87657
533,2021-01-31,0.35622233934099073,0.0879181425373568,0.13455750363314775,184.865,196.87657
534,2021-02-02,0.3316352129975824,0.08835245532908492,0.12865574414981829,184.865,196.87657
535,2021-02-03,0.3216910375785839,0.0821699239071993,0.12315046689650122,184.865,196.87657
536,2021-02-04,0.30174295013597685,0.08003242707191205,0.11683929389088188,184.865,196.87657
537,2021-02-06,0.3643769211106132,0.09434017214474633,0.14003698334079848,184.865,196.87657
538,2021-02-09,0.32827360308096876,0.0890155623366144,0.1286377715604969,184.865,196.87657
539,2021-02-12,0.3172262604202615,0.08134134603524107,0.12156400563138758,184.865,196.87657
540,2021-02-14,0.2831907401824383,0.07348793362779243,0.10878097237716142,184.865,196.87657
541,2021-02-15,0.33150039046881424,0.07698288811849291,0.12255037789439208,184.865,196.87657
542,2021-02-16,0.3225219822149565,0.07805696436894977,0.12095992698340757,184.865,196.87657
543,2021-02-18,0.35468820768759685,0.0903288322895347,0.1359390256145796,184.865,196.87657
544,2021-02-24,0.3225510781816842,0.07634269946603861,0.12004921889441877,184.865,196.87657
545,2021-03-02,0.33682330533348503,0.10090222325161663,0.13660494351953154,184.865,196.87657
546,2021-03-08,0.3252039440602573,0.08609759207903905,0.12584417858144695,184.865,196.87657
547,2021-03-14,0.349035040735348,0.09852981913907377,0.13854350312029168,184.865,196.87657
548,2021-03-20,0.3169343740282962,0.08555659163962226,0.1235831007007796,184.865,196.87657
549,2021-03-26,0.34441051144310747,0.1003220453070976,0.13790266822477779,184.865,196.87657
550,2021-03-29,0.3008533622068888,0.09053466459789156,0.1219559243282812,184.865,196.87657
551,2021-04-01,0.3517162477965707,0.10586280760562561,0.14349668492869858,184.865,196.87657
552,2021-04-07,0.3739137931644844,0.14404480741911901,0.1677698817979907,184.865,196.87657
553,2021-04-09,0.30422345755885943,0.1296480533111823,0.14195376852950065,184.865,196.87657
554,2021-04-13,0.3434020824777561,0.13129754996764664,0.15338783281572563,184.865,196.87657
555,2021-04-16,0.2512633077408256,0.10039527606552401,0.11427679257898346,184.865,196.87657
556,2021-04-19,0.3472548395079474,0.15227856029026465,0.16499955996396187,184.865,196.87657
557,2021-04-21,0.2686115811320067,0.1840147381408322,0.161365311773554,184.865,196.87657
558,2021-04-25,0.4104281516948358,0.22913015211947863,0.22036781014146528,184.865,196.87657
559,2021-05-01,0.388862057735931,0.1346301332941881,0.1667214697203114,184.865,196.87657
560,2021-05-03,0.35274626405237175,0.12085214740794564,0.15128293494685394,184.865,196.87657
561,2021-05-07,0.350879353658157,0.09024506673744226,0.1348101724339332,184.865,196.87657
562,2021-05-15,0.34012422183120766,0.0904762173219259,0.1314107289747352,184.865,196.87657
563,2021-05-16,0.3557569847912594,0.09534007172336673,0.13770906569814598,184.865,196.87657
564,2021-05-19,0.35383353270003604,0.08814484981594872,0.13409145393951932,184.865,196.87657
565,2021-05-22,0.30641270732587134,0.07524513487467027,0.11578032111128225,184.865,196.87657
566,2021-05-27,0.36846701758957207,0.10070418468023123,0.14451762918072206,184.865,196.87657
567,2021-05-31,0.3945181281615182,0.10256784037336958,0.15163357034275965,184.865,196.87657
568,2021-06-03,0.3970142575958081,0.09421746789843449,0.1488038681907208,184.865,196.87657
569,2021-06-06,0.37028623926676807,0.09996782752067479,0.14409530693966957,184.865,196.87657
570,2021-06-08,0.4261849303797557,0.10476436149696389,0.1613877276749231,184.865,196.87657
571,2021-06-09,0.3769918182828793,0.08952832616967304,0.1410919674536445,184.865,196.87657
572,2021-06-12,0.3857605424195133,0.09988202513362765,0.14790745640560302,184.865,196.87657
573,2021-06-15,0.3896797262015281,0.09252134268442175,0.14541359165614154,184.865,196.87657
574,2021-06-18,0.3499562070410392,0.08477783381259435,0.1315367594175033,184.865,196.87657
575,2021-06-20,0.39112909225426434,0.1015844316106686,0.15061459507505218,184.865,196.87657
576,2021-06-21,0.37141675931008744,0.0862317922322377,0.13814042356181733,184.865,196.87657
577,2021-06-24,0.3459591907703212,0.08629149279262499,0.1308624267874156,184.865,196.87657
578,2021-06-27,0.3774776881149223,0.08848194766930206,0.14069200830150683,184.865,196.87657
579,2021-06-30,0.35862987695326487,0.09964551558760393,0.14122241462137572,184.865,196.87657
580,2021-07-02,0.3406436626829968,0.07859155068452733,0.1262119624389479,184.865,196.87657
581,2021-07-03,0.3000791289016737,0.06670046381546152,0.10956981499947599,184.865,196.87657
582,2021-07-06,0.33378564001119587,0.10040471423751879,0.13560865682216766,184.865,196.87657
583,2021-07-09,0.37905934982389416,0.09407269072745211,0.1439630093047607,184.865,196.87657
584,2021-07-12,0.34738570445591993,0.09538284378822026,0.13597220400626725,184.865,196.87657
585,2021-07-14,0.4128660517438606,0.0906452153427817,0.15084365184393345,184.865,196.87657
586,2021-07-15,0.420490705156218,0.09216133182142972,0.1536666587741033,184.865,196.87657
587,2021-07-18,0.3535148580746053,0.0930139879143917,0.13628620680665923,184.865,196.87657
588,2021-07-21,0.332268317835179,0.07953600610150768,0.12483655603470986,184.865,196.87657
589,2021-07-24,0.3509521470159469,0.07860384160530698,0.12870790305512234,184.865,196.87657
590,2021-07-26,0.355056730911576,0.086188760966875,0.1338881263823801,184.865,196.87657
591,2021-07-27,0.3394601870704427,0.07754986874902725,0.1257255201783149,184.865,196.87657
592,2021-07-30,0.3097865258520132,0.07477719680652556,0.11597557865204064,184.865,196.87657
593,2021-08-02,0.2957020513653593,0.07544854318895339,0.11342908066167759,184.865,196.87657
594,2021-08-05,0.27633745549285016,0.07803051457042665,0.10938044695595933,184.865,196.87657
595,2021-08-07,0.2781569051630369,0.06501093731738877,0.1037363008547437,184.865,196.87657
596,2021-08-08,0.313294684011726,0.08072519823288021,0.12087208661611148,184.865,196.87657
597,2021-08-11,0.297027231965279,0.07610034020236633,0.1132147522327786,184.865,196.87657
598,2021-08-14,0.4061392287921587,0.09491294938032269,0.15153724466813245,184.865,196.87657
599,2021-08-17,0.2752043109041231,0.07134426005558753,0.10540841831338377,184.865,196.87657
600,2021-08-19,0.3148947570692981,0.07497051761213397,0.11832450184758522,184.865,196.87657
601,2021-08-20,0.25880979861782116,0.060032753132551187,0.09629157765531005,184.865,196.87657
602,2021-08-23,0.23744237022828996,0.07108416582441102,0.09605922779599743,184.865,196.87657
603,2021-08-26,0.20855150107196005,0.053137287436094666,0.0800404746652946,184.865,196.87657
604,2021-08-29,0.2436247170067638,0.07399414110414648,0.09947475394709404,184.865,196.87657
605,2021-08-31,0.22120463110949753,0.057076139550354926,0.08522007923008965,184.865,196.87657
606,2021-09-01,0.18125355417290243,0.05011429344147797,0.0716363144539469,184.865,196.87657
607,2021-09-04,0.24716379402163335,0.07297078084065861,0.09985604140920651,184.865,196.87657
608,2021-09-10,0.21455638405772198,0.08121296008220469,0.09565279884493907,184.865,196.87657
609,2021-09-16,0.20316734822655705,0.07718840273526675,0.09084716196441539,184.865,196.87657
610,2021-09-22,0.20562449962919752,0.07025877827875496,0.08785213224965606,184.865,196.87657
611,2021-09-25,0.1759336689210535,0.04744071687019283,0.0687203423142552,184.865,196.87657
612,2021-09-28,0.20720262435655631,0.06474872548188668,0.08551987072928587,184.865,196.87657
613,2021-10-01,0.19856797896013084,0.05503209793242936,0.07848130923507422,184.865,196.87657
614,2021-10-04,0.18268768325476714,0.05455230460157037,0.07410011055704528,184.865,196.87657
615,2021-10-07,0.19617352515714145,0.04853876495836901,0.07420323368770708,184.865,196.87657
616,2021-10-10,0.2127551554413171,0.07344554823425756,0.09045588457861646,184.865,196.87657
617,2021-10-16,0.25808763032207954,0.0830960455218212,0.1076811806534976,184.865,196.87657
618,2021-10-22,0.25777760728900073,0.07173463042455419,0.1013910673011357,184.865,196.87657
619,2021-10-25,0.17303852583312673,0.06451287375863277,0.07634152577264605,184.865,196.87657
620,2021-10-28,0.2407912519271057,0.11110202379287648,0.11710753563265905,184.865,196.87657
621,2021-11-03,0.2823208988196363,0.09801395317676348,0.12127798286238506,184.865,196.87657
622,2021-11-09,0.2927615572837702,0.10342260468282927,0.126807970017989,184.865,196.87657
623,2021-11-11,0.18661740575294042,0.06575911436023898,0.08025425877440874,184.865,196.87657
624,2021-11-15,0.25706459784458074,0.07328822669731205,0.1020734820078637,184.865,196.87657
625,2021-11-18,0.22766403349108966,0.0779922752676826,0.09761907882320545,184.865,196.87657
626,2021-11-23,0.21133507435932702,0.10590415477062648,0.10654696583715918,184.865,196.87657
627,2022-01-01,0.29240968508328263,0.07826823413575373,0.11357170656808332,182.94972,196.87657
628,2022-01-11,0.23675202476316506,0.08378422984487047,0.10306685120249617,182.94972,196.87657
629,2022-01-13,0.23230889137122487,0.0919984389624903,0.10543147210525797,182.94972,196.87657
630,2022-01-23,0.20010286556532447,0.07259524312670429,0.08782254399684086,182.94972,196.87657
631,2022-01-25,0.30211214339974846,0.10219733037860407,0.12852195085547496,182.94972,196.87657
632,2022-02-01,0.23849569341606308,0.09909591492317249,0.11081342603182473,182.94972,196.87657
633,2022-02-04,0.2511738073564566,0.09610947700856781,0.11257476412904041,182.94972,196.87657
634,2022-02-09,0.2225504283987622,0.07564550855095148,0.0949362166426892,182.94972,196.87657
635,2022-02-13,0.27085900925043355,0.10682694233645779,0.1226061746425344,182.94972,196.87657
636,2022-02-21,0.2102320767459055,0.06492601768079126,0.08691427394867494,182.94972,196.87657
637,2022-02-25,0.26701245836887016,0.10726219339460924,0.12223263694217101,182.94972,196.87657
638,2022-03-09,0.3119934328698304,0.10906268126360291,0.13449971201030336,182.94972,196.87657
639,2022-03-12,0.23471134915959344,0.07472939067066672,0.09774009478393642,182.94972,196.87657
640,2022-03-21,0.30636116701454463,0.0839724134229844,0.12029646044557929,182.94972,196.87657
641,2022-04-02,0.31135110519685255,0.09305945560746687,0.12630745553231193,182.94972,196.87657
642,2022-04-14,0.32258884038766483,0.08251237588127985,0.12356634333228625,182.94972,196.87657
643,2022-05-20,0.30565284145190075,0.12063800626739929,0.1385049855396131,182.94972,196.87657
644,2022-06-01,0.36057818131910774,0.13164013920136952,0.15808347971696468,182.94972,196.87657
645,2022-06-04,0.2933378039348851,0.10090174350817244,0.12536712767675537,182.94972,196.87657
646,2022-06-13,0.36544849232978394,0.1017968919612901,0.14399081933138513,182.94972,196.87657
647,2022-06-16,0.3880593121748014,0.10157829443796829,0.14974725546792214,182.94972,196.87657
648,2022-06-25,0.4018956177532077,0.11326511732220357,0.15871326688571907,182.94972,196.87657
649,2022-06-28,0.4570509433838872,0.11793634837841072,0.17616994911512124,182.94972,196.87657
650,2022-07-07,0.307699819334413,0.08474311071316992,0.12022436080753152,182.94972,196.87657
651,2022-07-10,0.36311456820922927,0.08800869051348015,0.1369880475769973,182.94972,196.87657
652,2022-07-19,0.28835354824006626,0.07494171438170161,0.1103732007230224,182.94972,196.87657
653,2022-07-22,0.36634659395892777,0.08890321376960847,0.13861416480763356,182.94972,196.87657
654,2022-07-31,0.3119405713454509,0.08054435570860907,0.11999790520585021,182.94972,196.87657
655,2022-08-03,0.3498609608526414,0.08827189431657118,0.13380862035395838,182.94972,196.87657
656,2022-08-12,0.2616962704278183,0.061718397344493636,0.09733240165072521,182.94972,196.87657
657,2022-08-15,0.27926235716589415,0.07497604668257934,0.1092238798146514,182.94972,196.87657
658,2022-08-24,0.28420611751705654,0.06973219427629113,0.10731104365700647,182.94972,196.87657
659,2022-08-27,0.3529701341950492,0.0889303608314857,0.13515087847698087,182.94972,196.87657
660,2022-09-05,0.32529722669846983,0.08318881007830459,0.12421497623828684,182.94972,196.87657
661,2022-09-08,0.3351765651426396,0.07837127210184874,0.12519369725332302,182.94972,196.87657
662,2022-09-17,0.25007836428155394,0.07428213725628297,0.10079002887615096,182.94972,196.87657
663,2022-09-20,0.24369296775978147,0.07078656838869654,0.09784302473600393,182.94972,196.87657
664,2022-09-29,0.20602268112333905,0.0800276529814668,0.0934208065892016,182.94972,196.87657
665,2022-10-02,0.19850010727728543,0.07811843228045215,0.08997187836345666,182.94972,196.87657
666,2022-10-11,0.22052880836236274,0.11144145681081982,0.11259696762902771,182.94972,196.87657
667,2022-10-23,0.2892791549429408,0.1344110700013485,0.14193407857770424,182.94972,196.87657
668,2022-10-26,0.29096177361314296,0.12803301931599048,0.13927863699263307,182.94972,196.87657
669,2022-11-04,0.29452223789739196,0.14987386758284837,0.15050960978808928,182.94972,196.87657
670,2022-11-07,0.2048718332217319,0.07419181440911049,0.0894364875714772,182.94972,196.87657
671,2022-11-16,0.2867662766524294,0.1139194421822255,0.13056745012975524,182.94972,196.87657
672,2022-11-19,0.2639039586463978,0.09118580390788672,0.11323776039165173,182.94972,196.87657
673,2022-11-28,0.2869426201161375,0.12131356630854162,0.1340111926090601,182.94972,196.87657
674,2022-12-01,0.22037083208046704,0.10287587793479053,0.10820134612711423,182.94972,196.87657
675,2022-12-10,0.26734000833770505,0.09940890213911363,0.11798138432762936,182.94972,196.87657
676,2022-12-13,0.2754739970909218,0.10092960874259987,0.12177028081130303,182.94972,196.87657
677,2022-12-22,0.29802431647041067,0.08618137342704385,0.11962277029718074,182.94972,196.87657
678,2022-12-25,0.2541719454223624,0.07697833839513041,0.10364472430562785,182.94972,196.87657
679,2023-01-03,0.2766038098778909,0.07787229888825387,0.10949640628812335,181.03435,196.87657
680,2023-01-06,0.2746422647067193,0.0737638289777281,0.10667018150198565,181.03435,196.87657
681,2023-01-15,0.3193174157750992,0.1020829561622908,0.13325159708985942,181.03435,196.87657
682,2023-01-18,0.2690346074980523,0.09292676596211691,0.11487693328773238,181.03435,196.87657
683,2023-01-27,0.3255782753784434,0.1047595141719575,0.13556338926497402,181.03435,196.87657
684,2023-01-30,0.26047895241932295,0.08941197868439921,0.11160199146914632,181.03435,196.87657
685,2023-02-08,0.32123058124933557,0.12084609022132331,0.14279456671713242,181.03435,196.87657
686,2023-02-11,0.3487209323804437,0.09866142267593825,0.13899900756350225,181.03435,196.87657
687,2023-02-16,0.24863225696136346,0.08260795276844421,0.10497922656253103,181.03435,196.87657
688,2023-02-20,0.2954086194535586,0.11522422399463506,0.13319575914167905,181.03435,196.87657
689,2023-02-23,0.2513643980853143,0.09224288428999483,0.11037814537815718,181.03435,196.87657
690,2023-02-28,0.3517877430868322,0.12216644535978871,0.1515320283012694,181.03435,196.87657
691,2023-03-04,0.3078324009937672,0.10138713771427277,0.12990242329897306,181.03435,196.87657
692,2023-03-07,0.289126265736011,0.08601861324549492,0.11741468501617233,181.03435,196.87657
693,2023-03-12,0.25295460044554896,0.06631770557973493,0.09778753117108033,181.03435,196.87657
694,2023-03-14,0.3087887714766617,0.07811174238874502,0.1180577920878394,181.03435,196.87657
695,2023-03-16,0.26810110326629977,0.06700478582266267,0.10211113320580312,181.03435,196.87657
696,2023-03-19,0.27756173888591157,0.07211637318311126,0.10722105992504005,181.03435,196.87657
697,2023-03-28,0.33165260733629914,0.08473011142641496,0.12722068071867995,181.03435,196.87657
698,2023-03-31,0.3574919493175957,0.09246303635484437,0.13830281814118628,181.03435,196.87657
699,2023-04-09,0.3823637003116822,0.11434604700233503,0.15453695578266166,181.03435,196.87657
700,2023-04-12,0.28976211512611827,0.0840786969694351,0.11598974725862585,181.03435,196.87657
701,2023-04-21,0.3469994115648894,0.1362775866662252,0.15657386070387114,181.03435,196.87657
702,2023-05-15,0.35400402540728315,0.11605037329703721,0.1483341373566102,181.03435,196.87657
